Survival Week,League,Team,Owner,Score,Cumulative Score
17,L1 The Process,Horsey Sauce,FeelingDangerouz,237.45,3387.83
16,L5 Week 3 Nick Foles,Closet Poopers,coots1185,254.7,3302.61
16,L1 The Process,Horsey Sauce,FeelingDangerouz,252.61,3150.38
15,L5 Week 3 Nick Foles,fantasyscott,fantasyscott,238.43,2687.98
15,L4 LTS League 4 (some),Tennesunk Titans,austinhunt94,213.33,2806.41
15,L2 Sack Based Floor,LamArby’s,apulianas,206.18,2942.01
15,L1 The Process,Horsey Sauce,FeelingDangerouz,203.37,2897.77
15,L5 Week 3 Nick Foles,Closet Poopers,coots1185,182.25,3047.91
14,L2 Sack Based Floor,LamArby’s,apulianas,237.79,2735.83
14,L1 The Process,Horsey Sauce,FeelingDangerouz,213.54,2694.4
14,L5 Week 3 Nick Foles,Closet Poopers,coots1185,198.18,2865.66
14,L5 Week 3 Nick Foles,“With His Legs”,sadmalander,191.73,2665.5299999999997
14,L5 Week 3 Nick Foles,fantasyscott,fantasyscott,190.47,2449.55
14,L4 LTS League 4 (some),Tennesunk Titans,austinhunt94,189.58,2593.08
14,L1 The Process,O'Shaughnessy's Pub,OhShagHennessy,186.06,2543.89
14,L2 Sack Based Floor,WhatKindOfNameIsDenny?,jimmy2thumbs,176.23,2639.56
13,L2 Sack Based Floor,The Poop Monsters,karmannkc,213.58,2515.89
13,L2 Sack Based Floor,LamArby’s,apulianas,213.35,2498.04
13,L1 The Process,Horsey Sauce,FeelingDangerouz,208.04,2480.86
13,L4 LTS League 4 (some),Tennesunk Titans,austinhunt94,200.29,2403.5
13,L3 The Only Legitimate LTS Bowl League,Never Owned ,alexewart,194.55,2585.05
13,L5 Week 3 Nick Foles,Closet Poopers,coots1185,188.76,2667.48
13,L5 Week 3 Nick Foles,fantasyscott,fantasyscott,182.56,2259.08
13,L2 Sack Based Floor,Sorry to the kids,FoolofaTook13,180.39,2540.1
13,L2 Sack Based Floor,WhatKindOfNameIsDenny?,jimmy2thumbs,167.13,2463.33
13,L5 Week 3 Nick Foles,“With His Legs”,sadmalander,166.25,2473.8
13,L1 The Process,O'Shaughnessy's Pub,OhShagHennessy,162.84,2357.83
12,L3 The Only Legitimate LTS Bowl League,Never Owned ,alexewart,212.96,2390.5
12,L1 The Process,sugarfreemocha,sugarfreemocha,209.39,2402.84
12,L5 Week 3 Nick Foles,Closet Poopers,coots1185,203.87,2478.72
12,L1 The Process,Horsey Sauce,FeelingDangerouz,201.28,2272.82
12,L5 Week 3 Nick Foles,fantasyscott,fantasyscott,199.2,2076.52
12,L2 Sack Based Floor,Sorry to the kids,FoolofaTook13,197.8,2359.71
12,L4 LTS League 4 (some),Forrest Whitaker eye,cptbeefalo,197.29,2338.74
12,L1 The Process,O'Shaughnessy's Pub,OhShagHennessy,197.19,2194.99
12,L4 LTS League 4 (some),The Glorious Process,armandoguzman,194.08,2396.04
12,L2 Sack Based Floor,The Poop Monsters,karmannkc,193.29,2302.31
12,L2 Sack Based Floor,LamArby’s,apulianas,192.82,2284.69
12,L5 Week 3 Nick Foles,“With His Legs”,sadmalander,192.73,2307.55
12,L4 LTS League 4 (some),Tennesunk Titans,austinhunt94,185.55,2203.21
12,L2 Sack Based Floor,WhatKindOfNameIsDenny?,jimmy2thumbs,182.1,2296.2
11,L5 Week 3 Nick Foles,“With His Legs”,sadmalander,241.56,2114.82
11,L4 LTS League 4 (some),Tennesunk Titans,austinhunt94,214.58,2017.66
11,L2 Sack Based Floor,jbieligk,jbieligk,211.03,2117.86
11,L1 The Process,Horsey Sauce,FeelingDangerouz,203.17,2071.54
11,L3 The Only Legitimate LTS Bowl League,Never Owned ,alexewart,199.3,2177.54
11,L1 The Process,sugarfreemocha,sugarfreemocha,197.6,2193.45
11,L1 The Process,Of All Days!!!!,DrWraith84,195.35,2103.92
11,L4 LTS League 4 (some),Forrest Whitaker eye,cptbeefalo,193.11,2141.45
11,L2 Sack Based Floor,The Poop Monsters,karmannkc,187.46,2109.02
11,L1 The Process,O'Shaughnessy's Pub,OhShagHennessy,183.77,1997.8
11,L4 LTS League 4 (some),The Glorious Process,armandoguzman,181.35,2201.96
11,L3 The Only Legitimate LTS Bowl League,Turd Ferguson,TurdFergusonFF,179.34,1976.45
11,L2 Sack Based Floor,LamArby’s,apulianas,178.12,2091.87
11,L2 Sack Based Floor,WhatKindOfNameIsDenny?,jimmy2thumbs,177.92,2114.1
11,L5 Week 3 Nick Foles,Closet Poopers,coots1185,174.86,2274.85
11,L5 Week 3 Nick Foles,fantasyscott,fantasyscott,174.35,1877.32
11,L2 Sack Based Floor,Sorry to the kids,FoolofaTook13,166.11,2161.91
10,L1 The Process,sugarfreemocha,sugarfreemocha,228.89,1995.85
10,L2 Sack Based Floor,jbieligk,jbieligk,226.2,1906.83
10,L4 LTS League 4 (some),Forrest Whitaker eye,cptbeefalo,225.09,1948.34
10,L2 Sack Based Floor,Sorry to the kids,FoolofaTook13,216.54,1995.8
10,L1 The Process,O'Shaughnessy's Pub,OhShagHennessy,203.56,1814.03
10,L1 The Process,Horsey Sauce,FeelingDangerouz,201.99,1868.37
10,L3 The Only Legitimate LTS Bowl League,Never Owned ,alexewart,199.87,1978.24
10,L2 Sack Based Floor,WhatKindOfNameIsDenny?,jimmy2thumbs,198.46,1936.18
10,L5 Week 3 Nick Foles,fantasyscott,fantasyscott,195.8,1702.97
10,L3 The Only Legitimate LTS Bowl League,The Enemy Speaks Kindly,Deredactyl,194.69,2064.9
10,L2 Sack Based Floor,The Poop Monsters,karmannkc,193.68,1921.56
10,L4 LTS League 4 (some),The Glorious Process,armandoguzman,191.85,2020.61
10,L5 Week 3 Nick Foles,Lenny’s Retirement Party,matthewdwood82,186.6,2007.69
10,L5 Week 3 Nick Foles,Closet Poopers,coots1185,186.2,2099.99
10,L4 LTS League 4 (some),DavisDayCare,DavisDayCare,181.56,1857.8400000000001
10,L1 The Process,Of All Days!!!!,DrWraith84,178.76,1908.57
10,L3 The Only Legitimate LTS Bowl League,Turd Ferguson,TurdFergusonFF,171.23,1797.11
10,L4 LTS League 4 (some),Tennesunk Titans,austinhunt94,166.01,1803.08
10,L5 Week 3 Nick Foles,“With His Legs”,sadmalander,162.07,1873.26
10,L2 Sack Based Floor,LamArby’s,apulianas,161.03,1913.75
9,L5 Week 3 Nick Foles,Lenny’s Retirement Party,matthewdwood82,241.51,1821.09
9,L4 LTS League 4 (some),The Glorious Process,armandoguzman,223.1,1828.76
9,L3 The Only Legitimate LTS Bowl League,The Enemy Speaks Kindly,Deredactyl,203.66,1870.21
9,L1 The Process,sugarfreemocha,sugarfreemocha,192.41,1766.96
9,L1 The Process,Weagle85,Weagle85,191.07,1686.33
9,L5 Week 3 Nick Foles,Closet Poopers,coots1185,190.39,1913.79
9,L2 Sack Based Floor,WhatKindOfNameIsDenny?,jimmy2thumbs,189.48,1737.72
9,L4 LTS League 4 (some),Forrest Whitaker eye,cptbeefalo,181.57,1723.25
9,L2 Sack Based Floor,jbieligk,jbieligk,174.96,1680.63
9,L4 LTS League 4 (some),DavisDayCare,DavisDayCare,170.12,1676.28
9,L1 The Process,O'Shaughnessy's Pub,OhShagHennessy,166.61,1610.47
9,L2 Sack Based Floor,The Poop Monsters,karmannkc,165.62,1727.88
9,L1 The Process,Of All Days!!!!,DrWraith84,165.55,1729.81
9,L3 The Only Legitimate LTS Bowl League,WilhelmTilt,ringular,162.57,1689.98
9,L3 The Only Legitimate LTS Bowl League,Never Owned ,alexewart,161.43,1778.37
9,L3 The Only Legitimate LTS Bowl League,Ridders Revenge,johnnysmomskid,158.6,1636.16
9,L5 Week 3 Nick Foles,fantasyscott,fantasyscott,157.77,1507.17
9,L5 Week 3 Nick Foles,“With His Legs”,sadmalander,151.5,1711.19
9,L2 Sack Based Floor,Sorry to the kids,FoolofaTook13,151.23,1779.26
9,L3 The Only Legitimate LTS Bowl League,Turd Ferguson,TurdFergusonFF,150.85,1625.88
9,L1 The Process,Horsey Sauce,FeelingDangerouz,145.39,1666.38
9,L2 Sack Based Floor,LamArby’s,apulianas,144.75,1752.72
9,L4 LTS League 4 (some),Tennesunk Titans,austinhunt94,134.98,1637.07
8,L3 The Only Legitimate LTS Bowl League,The Enemy Speaks Kindly,Deredactyl,263.99,1666.55
8,L4 LTS League 4 (some),The Glorious Process,armandoguzman,248.62,1605.6599999999999
8,L2 Sack Based Floor,LamArby’s,apulianas,245.64,1607.97
8,L3 The Only Legitimate LTS Bowl League,WilhelmTilt,ringular,244,1527.41
8,L5 Week 3 Nick Foles,Lenny’s Retirement Party,matthewdwood82,238.67,1579.58
8,L1 The Process,sugarfreemocha,sugarfreemocha,237.28,1574.55
8,L4 LTS League 4 (some),You could do worse,pfitzsimmons85,236.31,1425.38
8,L2 Sack Based Floor,Sorry to the kids,FoolofaTook13,230.04,1628.03
8,L1 The Process,Weagle85,Weagle85,228.56,1495.26
8,L5 Week 3 Nick Foles,Closet Poopers,coots1185,227.47,1723.4
8,L4 LTS League 4 (some),Poop on the Cob,Joker1b,226.96,1446.04
8,L3 The Only Legitimate LTS Bowl League,Never Owned ,alexewart,221.94,1616.94
8,L4 LTS League 4 (some),DavisDayCare,DavisDayCare,216.68,1506.16
8,L2 Sack Based Floor,jbieligk,jbieligk,213.81,1505.67
8,L2 Sack Based Floor,WhatKindOfNameIsDenny?,jimmy2thumbs,207.54,1548.24
8,L1 The Process,O'Shaughnessy's Pub,OhShagHennessy,206.47,1443.86
8,L1 The Process,Of All Days!!!!,DrWraith84,205.81,1564.26
8,L4 LTS League 4 (some),Tennesunk Titans,austinhunt94,203.46,1502.09
8,L1 The Process,Horsey Sauce,FeelingDangerouz,203.18,1520.99
8,L1 The Process,SycamoreFlynns,SycamoreFlynns,197.82,1396.73
8,L5 Week 3 Nick Foles,fantasyscott,fantasyscott,195.34,1349.4
8,L5 Week 3 Nick Foles,“With His Legs”,sadmalander,194,1559.69
8,L4 LTS League 4 (some),Forrest Whitaker eye,cptbeefalo,185.15,1541.68
8,L2 Sack Based Floor,The Poop Monsters,karmannkc,177.56,1562.26
8,L3 The Only Legitimate LTS Bowl League,Turd Ferguson,TurdFergusonFF,164.92,1475.03
8,L3 The Only Legitimate LTS Bowl League,Ridders Revenge,johnnysmomskid,162.17,1477.56
7,L2 Sack Based Floor,The Poop Monsters,karmannkc,247.76,1384.7
7,L1 The Process,Of All Days!!!!,DrWraith84,223.28,1358.45
7,L5 Week 3 Nick Foles,Closet Poopers,coots1185,221.71,1495.93
7,L4 LTS League 4 (some),The Glorious Process,armandoguzman,217.38,1357.04
7,L2 Sack Based Floor,LamArby’s,apulianas,214.47,1362.33
7,L5 Week 3 Nick Foles,The Lib Owners,nak97,211.54,1245.3
7,L3 The Only Legitimate LTS Bowl League,Never Owned ,alexewart,204.29,1395
7,L3 The Only Legitimate LTS Bowl League,The Enemy Speaks Kindly,Deredactyl,204.15,1402.56
7,L1 The Process,Horsey Sauce,FeelingDangerouz,200.93,1317.81
7,L1 The Process,Weagle85,Weagle85,198.05,1266.7
7,L1 The Process,sugarfreemocha,sugarfreemocha,194.68,1337.27
7,L2 Sack Based Floor,Sorry to the kids,FoolofaTook13,187.93,1397.99
7,L4 LTS League 4 (some),Forrest Whitaker eye,cptbeefalo,187.46,1356.53
7,L2 Sack Based Floor,jbieligk,jbieligk,182.11,1291.86
7,L5 Week 3 Nick Foles,“With His Legs”,sadmalander,180.46,1365.69
7,L3 The Only Legitimate LTS Bowl League,Turd Ferguson,TurdFergusonFF,179.28,1310.1100000000001
7,L2 Sack Based Floor,WhatKindOfNameIsDenny?,jimmy2thumbs,177.21,1340.7
7,L4 LTS League 4 (some),Tennesunk Titans,austinhunt94,176.19,1298.63
7,L5 Week 3 Nick Foles,fantasyscott,fantasyscott,174.58,1154.06
7,L4 LTS League 4 (some),You could do worse,pfitzsimmons85,174.54,1189.07
7,L3 The Only Legitimate LTS Bowl League,WilhelmTilt,ringular,173.48,1283.41
7,L5 Week 3 Nick Foles,Lenny’s Retirement Party,matthewdwood82,172.16,1340.91
7,L1 The Process,Natanab,Natanab,170.71,1286.76
7,L3 The Only Legitimate LTS Bowl League,Ridders Revenge,johnnysmomskid,170.5,1315.39
7,L4 LTS League 4 (some),DavisDayCare,DavisDayCare,167.24,1289.48
7,L1 The Process,O'Shaughnessy's Pub,OhShagHennessy,161.29,1237.3899999999999
7,L4 LTS League 4 (some),jetsgnome22,jetsgnome22,153.93,1254.63
7,L1 The Process,SycamoreFlynns,SycamoreFlynns,152.66,1198.91
7,L4 LTS League 4 (some),Poop on the Cob,Joker1b,144.2,1219.08
6,L4 LTS League 4 (some),DavisDayCare,DavisDayCare,208.21,1122.24
6,L2 Sack Based Floor,LamArby’s,apulianas,196,1147.86
6,L3 The Only Legitimate LTS Bowl League,Never Owned ,alexewart,194.13,1190.71
6,L5 Week 3 Nick Foles,“With His Legs”,sadmalander,185.78,1185.23
6,L3 The Only Legitimate LTS Bowl League,The Enemy Speaks Kindly,Deredactyl,185.61,1198.41
6,L4 LTS League 4 (some),jetsgnome22,jetsgnome22,185.53,1100.7
6,L1 The Process,Natanab,Natanab,184.27,1116.05
6,L1 The Process,Horsey Sauce,FeelingDangerouz,182.13,1116.88
6,L1 The Process,Of All Days!!!!,DrWraith84,181.48,1135.17
6,L5 Week 3 Nick Foles,Closet Poopers,coots1185,181.14,1274.22
6,L2 Sack Based Floor,Sorry to the kids,FoolofaTook13,178.83,1210.06
6,L5 Week 3 Nick Foles,Lenny’s Retirement Party,matthewdwood82,172.38,1168.75
6,L2 Sack Based Floor,The Poop Monsters,karmannkc,172.02,1136.94
6,L2 Sack Based Floor,WhatKindOfNameIsDenny?,jimmy2thumbs,171.36,1163.49
6,L3 The Only Legitimate LTS Bowl League,Turd Ferguson,TurdFergusonFF,171.02,1130.83
6,L1 The Process,O'Shaughnessy's Pub,OhShagHennessy,170.33,1076.1
6,L4 LTS League 4 (some),Tennesunk Titans,austinhunt94,165.85,1122.44
6,L1 The Process,Weagle85,Weagle85,165.35,1068.65
6,L5 Week 3 Nick Foles,fantasyscott,fantasyscott,163.98,979.48
6,L3 The Only Legitimate LTS Bowl League,Ridders Revenge,johnnysmomskid,163.71,1144.89
6,L4 LTS League 4 (some),The Glorious Process,armandoguzman,161.2,1139.6599999999999
6,L5 Week 3 Nick Foles,The Lib Owners,nak97,161.14,1033.76
6,L3 The Only Legitimate LTS Bowl League,WilhelmTilt,ringular,160.61,1109.93
6,L2 Sack Based Floor,jbieligk,jbieligk,160.52,1109.75
6,L1 The Process,sugarfreemocha,sugarfreemocha,157.67,1142.59
6,L2 Sack Based Floor,Leg Wrestling Champ,RawlsTofJ,157.59,1076.35
6,L3 The Only Legitimate LTS Bowl League,My Team Sux,_casey88,156.63,1083.4
6,L4 LTS League 4 (some),Poop on the Cob,Joker1b,155.72,1074.8799999999999
6,L4 LTS League 4 (some),powersrva,powersrva,152.76,1147.94
6,L4 LTS League 4 (some),You could do worse,pfitzsimmons85,149.41,1014.53
6,L1 The Process,SycamoreFlynns,SycamoreFlynns,147.61,1046.25
6,L4 LTS League 4 (some),Forrest Whitaker eye,cptbeefalo,142.89,1169.07
5,L4 LTS League 4 (some),powersrva,powersrva,250.89,995.1800000000001
5,L5 Week 3 Nick Foles,Closet Poopers,coots1185,247.55,1093.08
5,L1 The Process,Natanab,Natanab,244.88,931.78
5,L3 The Only Legitimate LTS Bowl League,Ridders Revenge,johnnysmomskid,238.49,981.1800000000001
5,L3 The Only Legitimate LTS Bowl League,The Enemy Speaks Kindly,Deredactyl,227.43,1012.8
5,L3 The Only Legitimate LTS Bowl League,My Team Sux,_casey88,227.25,926.77
5,L5 Week 3 Nick Foles,“With His Legs”,sadmalander,218.74,999.45
5,L4 LTS League 4 (some),Poop on the Cob,Joker1b,215.59,919.16
5,L4 LTS League 4 (some),The Glorious Process,armandoguzman,211.16,978.46
5,L2 Sack Based Floor,Sorry to the kids,FoolofaTook13,209.98,1031.23
5,L1 The Process,sugarfreemocha,sugarfreemocha,209.27,984.9200000000001
5,L3 The Only Legitimate LTS Bowl League,Never Owned ,alexewart,204.85,996.5799999999999
5,L1 The Process,Of All Days!!!!,DrWraith84,204.85,953.6899999999999
5,L5 Week 3 Nick Foles,Lenny’s Retirement Party,matthewdwood82,197.98,996.37
5,L2 Sack Based Floor,jbieligk,jbieligk,197.76,949.23
5,L1 The Process,Weagle85,Weagle85,194.82,903.3
5,L3 The Only Legitimate LTS Bowl League,WilhelmTilt,ringular,193.71,949.3199999999999
5,L2 Sack Based Floor,Leg Wrestling Champ,RawlsTofJ,193.69,918.76
5,L4 LTS League 4 (some),Tennesunk Titans,austinhunt94,186.77,956.59
5,L5 Week 3 Nick Foles,The Lib Owners,nak97,184.68,872.62
5,L2 Sack Based Floor,The Poop Monsters,karmannkc,183.15,964.9200000000001
5,L5 Week 3 Nick Foles,fantasyscott,fantasyscott,179.64,815.5
5,L3 The Only Legitimate LTS Bowl League,Turd Ferguson,TurdFergusonFF,177.23,959.81
5,L2 Sack Based Floor,LamArby’s,apulianas,174.86,951.86
5,L2 Sack Based Floor, I am tilting,arthurdantas,173,857.1800000000001
5,L1 The Process,Admiral Snackbar,Dandelo19,172.42,951.04
5,L3 The Only Legitimate LTS Bowl League,39ers,tripp39,167.37,1023.9
5,L1 The Process,SycamoreFlynns,SycamoreFlynns,166.92,898.64
5,L4 LTS League 4 (some),Forrest Whitaker eye,cptbeefalo,166.88,1026.18
5,L2 Sack Based Floor,WhatKindOfNameIsDenny?,jimmy2thumbs,164.89,992.13
5,L1 The Process,Horsey Sauce,FeelingDangerouz,164.3,934.75
5,L4 LTS League 4 (some),jetsgnome22,jetsgnome22,162.44,915.1700000000001
5,L4 LTS League 4 (some),DavisDayCare,DavisDayCare,161.52,914.03
5,L1 The Process,O'Shaughnessy's Pub,OhShagHennessy,150.23,905.77
5,L4 LTS League 4 (some),You could do worse,pfitzsimmons85,148.62,865.12
4,L5 Week 3 Nick Foles,Closet Poopers,coots1185,238.01,845.53
4,L5 Week 3 Nick Foles,Lenny’s Retirement Party,matthewdwood82,236.25,798.39
4,L2 Sack Based Floor,WhatKindOfNameIsDenny?,jimmy2thumbs,224.76,827.24
4,L3 The Only Legitimate LTS Bowl League,39ers,tripp39,221.59,856.53
4,L5 Week 3 Nick Foles,Big Seltzer™,jonsey456,213.47,843.46
4,L3 The Only Legitimate LTS Bowl League,Never Owned ,alexewart,208.92,791.73
4,L4 LTS League 4 (some),Tennesunk Titans,austinhunt94,207.64,769.8199999999999
4,L3 The Only Legitimate LTS Bowl League,Ridders Revenge,johnnysmomskid,205.22,742.69
4,L4 LTS League 4 (some),Poop on the Cob,Joker1b,202.89,703.5699999999999
4,L4 LTS League 4 (some),powersrva,powersrva,199.95,744.29
4,L1 The Process,Admiral Snackbar,Dandelo19,197.19,778.62
4,L1 The Process,Sweep The Leg,ctjoumas,197.14,705.9
4,L1 The Process,sugarfreemocha,sugarfreemocha,196.87,775.65
4,L4 LTS League 4 (some),The Glorious Process,armandoguzman,196.42,767.3
4,L1 The Process,SycamoreFlynns,SycamoreFlynns,192.68,731.72
4,L4 LTS League 4 (some),jetsgnome22,jetsgnome22,192.21,752.73
4,L5 Week 3 Nick Foles,“With His Legs”,sadmalander,192.1,780.71
4,L3 The Only Legitimate LTS Bowl League,Turd Ferguson,TurdFergusonFF,190.91,782.58
4,L1 The Process,Weagle85,Weagle85,186.6,708.48
4,L2 Sack Based Floor,jbieligk,jbieligk,186.42,751.47
4,L3 The Only Legitimate LTS Bowl League,The Woke FAAB,reginaldo,185.93,769.61
4,L3 The Only Legitimate LTS Bowl League,My Team Sux,_casey88,185.81,699.52
4,L2 Sack Based Floor,The Poop Monsters,karmannkc,185.31,781.77
4,L1 The Process,O'Shaughnessy's Pub,OhShagHennessy,185.25,755.54
4,L4 LTS League 4 (some),DavisDayCare,DavisDayCare,184.64,752.51
4,L1 The Process,Horsey Sauce,FeelingDangerouz,182.47,770.45
4,L2 Sack Based Floor,LamArby’s,apulianas,180.17,777
4,L4 LTS League 4 (some),Forrest Whitaker eye,cptbeefalo,179.94,859.3
4,L2 Sack Based Floor,Leg Wrestling Champ,RawlsTofJ,172.26,725.0699999999999
4,L1 The Process,Of All Days!!!!,DrWraith84,169.89,748.8399999999999
4,L2 Sack Based Floor, I am tilting,arthurdantas,167.58,684.1800000000001
4,L5 Week 3 Nick Foles,fantasyscott,fantasyscott,166.25,635.86
4,L3 The Only Legitimate LTS Bowl League,The Enemy Speaks Kindly,Deredactyl,163.99,785.37
4,L5 Week 3 Nick Foles,The Lib Owners,nak97,160.74,687.94
4,L4 LTS League 4 (some),You could do worse,pfitzsimmons85,160.39,716.5
4,L3 The Only Legitimate LTS Bowl League,WilhelmTilt,ringular,158.9,755.61
4,L2 Sack Based Floor,Sorry to the kids,FoolofaTook13,154.31,821.25
4,L1 The Process,Natanab,Natanab,142.45,686.9
3,L4 LTS League 4 (some),Forrest Whitaker eye,cptbeefalo,271.7,679.36
3,L2 Sack Based Floor,LamArby’s,apulianas,252.29,596.8299999999999
3,L2 Sack Based Floor,Leg Wrestling Champ,RawlsTofJ,238.75,552.81
3,L2 Sack Based Floor,WhatKindOfNameIsDenny?,jimmy2thumbs,236.94,602.48
3,L2 Sack Based Floor,Sorry to the kids,FoolofaTook13,234.42,666.94
3,L5 Week 3 Nick Foles,Lenny’s Retirement Party,matthewdwood82,231.38,562.14
3,L3 The Only Legitimate LTS Bowl League,Turd Ferguson,TurdFergusonFF,228.69,591.6700000000001
3,L5 Week 3 Nick Foles,TD Upside,csurunnerccr,224.37,621.8
3,L4 LTS League 4 (some),powersrva,powersrva,222.27,544.34
3,L3 The Only Legitimate LTS Bowl League,39ers,tripp39,217.24,634.94
3,L5 Week 3 Nick Foles,Big Seltzer™,jonsey456,217.16,629.99
3,L1 The Process,O'Shaughnessy's Pub,OhShagHennessy,216.72,570.29
3,L1 The Process,Admiral Snackbar,Dandelo19,211.98,581.4300000000001
3,L3 The Only Legitimate LTS Bowl League,The Enemy Speaks Kindly,Deredactyl,206.05,621.38
3,L3 The Only Legitimate LTS Bowl League,Ridders Revenge,johnnysmomskid,205.56,537.47
3,L4 LTS League 4 (some),DavisDayCare,DavisDayCare,203.06,567.87
3,L1 The Process,Horsey Sauce,FeelingDangerouz,202.57,587.98
3,L3 The Only Legitimate LTS Bowl League,WilhelmTilt,ringular,199.76,596.71
3,L4 LTS League 4 (some),You could do worse,pfitzsimmons85,199.44,556.11
3,L1 The Process,Natanab,Natanab,199.19,544.45
3,L5 Week 3 Nick Foles,Closet Poopers,coots1185,196.61,607.52
3,L1 The Process,SycamoreFlynns,SycamoreFlynns,194.68,539.04
3,L1 The Process,Of All Days!!!!,DrWraith84,192.76,578.95
3,L5 Week 3 Nick Foles,“With His Legs”,sadmalander,192.69,588.61
3,L3 The Only Legitimate LTS Bowl League,Never Owned ,alexewart,190.76,582.81
3,L4 LTS League 4 (some),jetsgnome22,jetsgnome22,187.92,560.52
3,L1 The Process,sugarfreemocha,sugarfreemocha,187.5,578.78
3,L4 LTS League 4 (some),The Glorious Process,armandoguzman,180.38,570.88
3,L4 LTS League 4 (some),BigUglyRhino,ErikFedders,180.25,556.97
3,L5 Week 3 Nick Foles,Great Clips' Revenge,CommieEsq,179.74,548.13
3,L2 Sack Based Floor,jbieligk,jbieligk,175.88,565.05
3,L2 Sack Based Floor,The Poop Monsters,karmannkc,174.09,596.46
3,L4 LTS League 4 (some),Tennesunk Titans,austinhunt94,173.74,562.1800000000001
3,L5 Week 3 Nick Foles,The Lib Owners,nak97,169.7,527.2
3,L3 The Only Legitimate LTS Bowl League,The Woke FAAB,reginaldo,168.72,583.6800000000001
3,L1 The Process,Weagle85,Weagle85,167.62,521.88
3,L3 The Only Legitimate LTS Bowl League,My Team Sux,_casey88,167.39,513.71
3,L1 The Process,Sweep The Leg,ctjoumas,164,508.76
3,L2 Sack Based Floor, I am tilting,arthurdantas,162.26,516.6
3,L4 LTS League 4 (some),Poop on the Cob,Joker1b,159.28,500.67999999999995
3,L5 Week 3 Nick Foles,fantasyscott,fantasyscott,155.52,469.61
2,L2 Sack Based Floor,The Poop Monsters,karmannkc,249.93,422.37
2,L3 The Only Legitimate LTS Bowl League,39ers,tripp39,246.1,417.7
2,L4 LTS League 4 (some),The Glorious Process,armandoguzman,245.7,390.5
2,L4 LTS League 4 (some),Forrest Whitaker eye,cptbeefalo,234.57,407.65999999999997
2,L3 The Only Legitimate LTS Bowl League,The Woke FAAB,reginaldo,230.49,414.96000000000004
2,L2 Sack Based Floor,Sorry to the kids,FoolofaTook13,224.53,432.52
2,L5 Week 3 Nick Foles,TD Upside,csurunnerccr,220.71,397.43
2,L1 The Process,Horsey Sauce,FeelingDangerouz,220.32,385.40999999999997
2,L5 Week 3 Nick Foles,Closet Poopers,coots1185,218.99,410.90999999999997
2,L3 The Only Legitimate LTS Bowl League,The Enemy Speaks Kindly,Deredactyl,218.82,415.33
2,L1 The Process,Of All Days!!!!,DrWraith84,217.07,386.19
2,L5 Week 3 Nick Foles,Big Seltzer™,jonsey456,216.27,412.83000000000004
2,L3 The Only Legitimate LTS Bowl League,Turd Ferguson,TurdFergusonFF,212.15,362.98
2,L1 The Process,sugarfreemocha,sugarfreemocha,211.36,391.28
2,L3 The Only Legitimate LTS Bowl League,WilhelmTilt,ringular,209.6,396.95
2,L2 Sack Based Floor, I am tilting,arthurdantas,208.12,354.34000000000003
2,L2 Sack Based Floor,jbieligk,jbieligk,206.88,389.16999999999996
2,L4 LTS League 4 (some),You could do worse,pfitzsimmons85,205.8,356.67
2,L5 Week 3 Nick Foles,“With His Legs”,sadmalander,203.89,395.91999999999996
2,L4 LTS League 4 (some),BigUglyRhino,ErikFedders,201.86,376.72
2,L4 LTS League 4 (some),jetsgnome22,jetsgnome22,201.83,372.6
2,L1 The Process,Weagle85,Weagle85,198.89,354.26
2,L2 Sack Based Floor,kfisch55,kfisch55,197.89,369.85
2,L3 The Only Legitimate LTS Bowl League,My Team Sux,_casey88,196.56,346.32
2,L5 Week 3 Nick Foles,Lenny’s Retirement Party,matthewdwood82,195.18,330.76
2,L1 The Process,Admiral Snackbar,Dandelo19,193.37,369.45000000000005
2,L1 The Process,SycamoreFlynns,SycamoreFlynns,191.15,344.36
2,L5 Week 3 Nick Foles,The Lib Owners,nak97,189.82,357.5
2,L5 Week 3 Nick Foles,Sexy Skeletons ,aspires,188.31,359.32
2,L4 LTS League 4 (some),Tennesunk Titans,austinhunt94,188.06,388.44
2,L1 The Process,Natanab,Natanab,186.13,345.26
2,L2 Sack Based Floor,The Process,stephensear,183.08,338.23
2,L4 LTS League 4 (some),DavisDayCare,DavisDayCare,183.01,364.81
2,L3 The Only Legitimate LTS Bowl League,Never Owned ,alexewart,181.16,392.04999999999995
2,L2 Sack Based Floor,LamArby’s,apulianas,180.09,344.53999999999996
2,L1 The Process,O'Shaughnessy's Pub,OhShagHennessy,178.95,353.57
2,L4 LTS League 4 (some),Poop on the Cob,Joker1b,176.45,341.4
2,L3 The Only Legitimate LTS Bowl League,Ridders Revenge,johnnysmomskid,174.97,331.90999999999997
2,L2 Sack Based Floor,Leg Wrestling Champ,RawlsTofJ,174.05,314.06
2,L5 Week 3 Nick Foles,Great Clips' Revenge,CommieEsq,173.81,368.39
2,L1 The Process,Sweep The Leg,ctjoumas,173.51,344.76
2,L4 LTS League 4 (some),powersrva,powersrva,172.58,322.07000000000005
2,L2 Sack Based Floor,WhatKindOfNameIsDenny?,jimmy2thumbs,171.02,365.54
2,L5 Week 3 Nick Foles,fantasyscott,fantasyscott,170.03,314.09000000000003
1,L3 The Only Legitimate LTS Bowl League,Never Owned ,alexewart,210.89,210.89
1,L2 Sack Based Floor,Sorry to the kids,FoolofaTook13,207.99,207.99
1,L4 LTS League 4 (some),Tennesunk Titans,austinhunt94,200.38,200.38
1,L5 Week 3 Nick Foles,Big Seltzer™,jonsey456,196.56,196.56
1,L3 The Only Legitimate LTS Bowl League,The Enemy Speaks Kindly,Deredactyl,196.51,196.51
1,L5 Week 3 Nick Foles,Great Clips' Revenge,CommieEsq,194.58,194.58
1,L2 Sack Based Floor,WhatKindOfNameIsDenny?,jimmy2thumbs,194.52,194.52
1,L5 Week 3 Nick Foles,“With His Legs”,sadmalander,192.03,192.03
1,L5 Week 3 Nick Foles,Closet Poopers,coots1185,191.92,191.92
1,L3 The Only Legitimate LTS Bowl League,WilhelmTilt,ringular,187.35,187.35
1,L3 The Only Legitimate LTS Bowl League,The Woke FAAB,reginaldo,184.47,184.47
1,L2 Sack Based Floor,jbieligk,jbieligk,182.29,182.29
1,L4 LTS League 4 (some),DavisDayCare,DavisDayCare,181.8,181.8
1,L1 The Process,sugarfreemocha,sugarfreemocha,179.92,179.92
1,L5 Week 3 Nick Foles,TD Upside,csurunnerccr,176.72,176.72
1,L1 The Process,Admiral Snackbar,Dandelo19,176.08,176.08
1,L4 LTS League 4 (some),BigUglyRhino,ErikFedders,174.86,174.86
1,L1 The Process,O'Shaughnessy's Pub,OhShagHennessy,174.62,174.62
1,L4 LTS League 4 (some),Forrest Whitaker eye,cptbeefalo,173.09,173.09
1,L2 Sack Based Floor,The Poop Monsters,karmannkc,172.44,172.44
1,L2 Sack Based Floor,kfisch55,kfisch55,171.96,171.96
1,L3 The Only Legitimate LTS Bowl League,39ers,tripp39,171.6,171.6
1,L1 The Process,Sweep The Leg,ctjoumas,171.25,171.25
1,L5 Week 3 Nick Foles,Sexy Skeletons ,aspires,171.01,171.01
1,L4 LTS League 4 (some),jetsgnome22,jetsgnome22,170.77,170.77
1,L1 The Process,Of All Days!!!!,DrWraith84,169.12,169.12
1,L5 Week 3 Nick Foles,The Lib Owners,nak97,167.68,167.68
1,L4 LTS League 4 (some),Bang Bang Gang,theB1gGuy,167.15,167.15
1,L1 The Process,Horsey Sauce,FeelingDangerouz,165.09,165.09
1,L4 LTS League 4 (some),Poop on the Cob,Joker1b,164.95,164.95
1,L2 Sack Based Floor,LamArby’s,apulianas,164.45,164.45
1,L1 The Process,Natanab,Natanab,159.13,159.13
1,L3 The Only Legitimate LTS Bowl League,Ridders Revenge,johnnysmomskid,156.94,156.94
1,L1 The Process,Weagle85,Weagle85,155.37,155.37
1,L2 Sack Based Floor,The Process,stephensear,155.15,155.15
1,L1 The Process,SycamoreFlynns,SycamoreFlynns,153.21,153.21
1,L4 LTS League 4 (some),You could do worse,pfitzsimmons85,150.87,150.87
1,L3 The Only Legitimate LTS Bowl League,Turd Ferguson,TurdFergusonFF,150.83,150.83
1,L3 The Only Legitimate LTS Bowl League,My Team Sux,_casey88,149.76,149.76
1,L4 LTS League 4 (some),powersrva,powersrva,149.49,149.49
1,L2 Sack Based Floor, I am tilting,arthurdantas,146.22,146.22
1,L4 LTS League 4 (some),The Glorious Process,armandoguzman,144.8,144.8
1,L5 Week 3 Nick Foles,fantasyscott,fantasyscott,144.06,144.06
1,L2 Sack Based Floor,Not Great Bob,tommcg17,142.25,142.25
1,L2 Sack Based Floor,Leg Wrestling Champ,RawlsTofJ,140.01,140.01
1,L3 The Only Legitimate LTS Bowl League,Gods of War,DefLepFan4Ever,138.47,138.47
1,L5 Week 3 Nick Foles,Lenny’s Retirement Party,matthewdwood82,135.58,135.58
