league,week,franchise_id,franchise_score,opponent_id,opponent_score,result,diff_score,franchise_name,user_name,franchise_name_opponent,user_name_opponent
L1 The Process,1,1,155.37,6,174.62,L,19.25,Weagle85,Weagle85,O'Shaughnessy's Pub,OhShagHennessy
L1 The Process,1,2,153.21,4,130.06,W,23.150000000000006,SycamoreFlynns,SycamoreFlynns,Hana Ho Beaches,Kendradhl
L1 The Process,1,3,159.13,8,176.08,L,16.950000000000017,Natanab,Natanab,Admiral Snackbar,Dandelo19
L1 The Process,1,4,130.06,2,153.21,L,23.150000000000006,Hana Ho Beaches,Kendradhl,SycamoreFlynns,SycamoreFlynns
L1 The Process,1,5,169.12,7,171.25,L,2.1299999999999955,Of All Days!!!!,DrWraith84,Sweep The Leg,ctjoumas
L1 The Process,1,6,174.62,1,155.37,W,19.25,O'Shaughnessy's Pub,OhShagHennessy,Weagle85,Weagle85
L1 The Process,1,7,171.25,5,169.12,W,2.1299999999999955,Sweep The Leg,ctjoumas,Of All Days!!!!,DrWraith84
L1 The Process,1,8,176.08,3,159.13,W,16.950000000000017,Admiral Snackbar,Dandelo19,Natanab,Natanab
L1 The Process,1,9,165.09,10,179.92,L,14.829999999999984,Horsey Sauce,FeelingDangerouz,sugarfreemocha,sugarfreemocha
L1 The Process,1,10,179.92,9,165.09,W,14.829999999999984,sugarfreemocha,sugarfreemocha,Horsey Sauce,FeelingDangerouz
L1 The Process,2,1,198.89,3,186.13,W,12.759999999999991,Weagle85,Weagle85,Natanab,Natanab
L1 The Process,2,2,191.15,7,173.51,W,17.640000000000015,SycamoreFlynns,SycamoreFlynns,Sweep The Leg,ctjoumas
L1 The Process,2,3,186.13,1,198.89,L,12.759999999999991,Natanab,Natanab,Weagle85,Weagle85
L1 The Process,2,4,194.94,10,211.36,L,16.420000000000016,Hana Ho Beaches,Kendradhl,sugarfreemocha,sugarfreemocha
L1 The Process,2,5,217.07,9,220.32,L,3.25,Of All Days!!!!,DrWraith84,Horsey Sauce,FeelingDangerouz
L1 The Process,2,6,178.95,8,193.37,L,14.420000000000016,O'Shaughnessy's Pub,OhShagHennessy,Admiral Snackbar,Dandelo19
L1 The Process,2,7,173.51,2,191.15,L,17.640000000000015,Sweep The Leg,ctjoumas,SycamoreFlynns,SycamoreFlynns
L1 The Process,2,8,193.37,6,178.95,W,14.420000000000016,Admiral Snackbar,Dandelo19,O'Shaughnessy's Pub,OhShagHennessy
L1 The Process,2,9,220.32,5,217.07,W,3.25,Horsey Sauce,FeelingDangerouz,Of All Days!!!!,DrWraith84
L1 The Process,2,10,211.36,4,194.94,W,16.420000000000016,sugarfreemocha,sugarfreemocha,Hana Ho Beaches,Kendradhl
L1 The Process,3,1,167.62,8,211.98,L,44.359999999999985,Weagle85,Weagle85,Admiral Snackbar,Dandelo19
L1 The Process,3,2,194.68,9,202.57,L,7.889999999999986,SycamoreFlynns,SycamoreFlynns,Horsey Sauce,FeelingDangerouz
L1 The Process,3,3,199.19,6,216.72,L,17.53,Natanab,Natanab,O'Shaughnessy's Pub,OhShagHennessy
L1 The Process,3,4,186.92,7,164,W,22.919999999999987,Hana Ho Beaches,Kendradhl,Sweep The Leg,ctjoumas
L1 The Process,3,5,192.76,10,187.5,W,5.259999999999991,Of All Days!!!!,DrWraith84,sugarfreemocha,sugarfreemocha
L1 The Process,3,6,216.72,3,199.19,W,17.53,O'Shaughnessy's Pub,OhShagHennessy,Natanab,Natanab
L1 The Process,3,7,164,4,186.92,L,22.919999999999987,Sweep The Leg,ctjoumas,Hana Ho Beaches,Kendradhl
L1 The Process,3,8,211.98,1,167.62,W,44.359999999999985,Admiral Snackbar,Dandelo19,Weagle85,Weagle85
L1 The Process,3,9,202.57,2,194.68,W,7.889999999999986,Horsey Sauce,FeelingDangerouz,SycamoreFlynns,SycamoreFlynns
L1 The Process,3,10,187.5,5,192.76,L,5.259999999999991,sugarfreemocha,sugarfreemocha,Of All Days!!!!,DrWraith84
L1 The Process,4,1,186.6,7,197.14,L,10.539999999999992,Weagle85,Weagle85,Sweep The Leg,ctjoumas
L1 The Process,4,2,192.68,3,142.45,W,50.23000000000002,SycamoreFlynns,SycamoreFlynns,Natanab,Natanab
L1 The Process,4,3,142.45,2,192.68,L,50.23000000000002,Natanab,Natanab,SycamoreFlynns,SycamoreFlynns
L1 The Process,4,4,184.62,9,182.47,W,2.1500000000000057,Hana Ho Beaches,Kendradhl,Horsey Sauce,FeelingDangerouz
L1 The Process,4,5,169.89,6,185.25,L,15.360000000000014,Of All Days!!!!,DrWraith84,O'Shaughnessy's Pub,OhShagHennessy
L1 The Process,4,6,185.25,5,169.89,W,15.360000000000014,O'Shaughnessy's Pub,OhShagHennessy,Of All Days!!!!,DrWraith84
L1 The Process,4,7,197.14,1,186.6,W,10.539999999999992,Sweep The Leg,ctjoumas,Weagle85,Weagle85
L1 The Process,4,8,197.19,10,196.87,W,0.3199999999999932,Admiral Snackbar,Dandelo19,sugarfreemocha,sugarfreemocha
L1 The Process,4,9,182.47,4,184.62,L,2.1500000000000057,Horsey Sauce,FeelingDangerouz,Hana Ho Beaches,Kendradhl
L1 The Process,4,10,196.87,8,197.19,L,0.3199999999999932,sugarfreemocha,sugarfreemocha,Admiral Snackbar,Dandelo19
L1 The Process,5,1,194.82,5,204.85,L,10.030000000000001,Weagle85,Weagle85,Of All Days!!!!,DrWraith84
L1 The Process,5,2,166.92,10,209.27,L,42.35000000000002,SycamoreFlynns,SycamoreFlynns,sugarfreemocha,sugarfreemocha
L1 The Process,5,3,244.88,4,192.7,W,52.18000000000001,Natanab,Natanab,Hana Ho Beaches,Kendradhl
L1 The Process,5,4,192.7,3,244.88,L,52.18000000000001,Hana Ho Beaches,Kendradhl,Natanab,Natanab
L1 The Process,5,5,204.85,1,194.82,W,10.030000000000001,Of All Days!!!!,DrWraith84,Weagle85,Weagle85
L1 The Process,5,6,150.23,7,137.24,W,12.98999999999998,O'Shaughnessy's Pub,OhShagHennessy,Sweep The Leg,ctjoumas
L1 The Process,5,7,137.24,6,150.23,L,12.98999999999998,Sweep The Leg,ctjoumas,O'Shaughnessy's Pub,OhShagHennessy
L1 The Process,5,8,172.42,9,164.3,W,8.119999999999976,Admiral Snackbar,Dandelo19,Horsey Sauce,FeelingDangerouz
L1 The Process,5,9,164.3,8,172.42,L,8.119999999999976,Horsey Sauce,FeelingDangerouz,Admiral Snackbar,Dandelo19
L1 The Process,5,10,209.27,2,166.92,W,42.35000000000002,sugarfreemocha,sugarfreemocha,SycamoreFlynns,SycamoreFlynns
L1 The Process,6,1,165.35,2,147.61,W,17.73999999999998,Weagle85,Weagle85,SycamoreFlynns,SycamoreFlynns
L1 The Process,6,2,147.61,1,165.35,L,17.73999999999998,SycamoreFlynns,SycamoreFlynns,Weagle85,Weagle85
L1 The Process,6,3,184.27,9,182.13,W,2.140000000000015,Natanab,Natanab,Horsey Sauce,FeelingDangerouz
L1 The Process,6,4,193.99,6,170.33,W,23.659999999999997,Hana Ho Beaches,Kendradhl,O'Shaughnessy's Pub,OhShagHennessy
L1 The Process,6,5,181.48,8,124.65,W,56.829999999999984,Of All Days!!!!,DrWraith84,Admiral Snackbar,Dandelo19
L1 The Process,6,6,170.33,4,193.99,L,23.659999999999997,O'Shaughnessy's Pub,OhShagHennessy,Hana Ho Beaches,Kendradhl
L1 The Process,6,7,182.27,10,157.67,W,24.600000000000023,Sweep The Leg,ctjoumas,sugarfreemocha,sugarfreemocha
L1 The Process,6,8,124.65,5,181.48,L,56.829999999999984,Admiral Snackbar,Dandelo19,Of All Days!!!!,DrWraith84
L1 The Process,6,9,182.13,3,184.27,L,2.140000000000015,Horsey Sauce,FeelingDangerouz,Natanab,Natanab
L1 The Process,6,10,157.67,7,182.27,L,24.600000000000023,sugarfreemocha,sugarfreemocha,Sweep The Leg,ctjoumas
L1 The Process,7,1,198.05,4,166.92,W,31.130000000000024,Weagle85,Weagle85,Hana Ho Beaches,Kendradhl
L1 The Process,7,2,152.66,5,223.28,L,70.62,SycamoreFlynns,SycamoreFlynns,Of All Days!!!!,DrWraith84
L1 The Process,7,3,170.71,10,194.68,L,23.97,Natanab,Natanab,sugarfreemocha,sugarfreemocha
L1 The Process,7,4,166.92,1,198.05,L,31.130000000000024,Hana Ho Beaches,Kendradhl,Weagle85,Weagle85
L1 The Process,7,5,223.28,2,152.66,W,70.62,Of All Days!!!!,DrWraith84,SycamoreFlynns,SycamoreFlynns
L1 The Process,7,6,161.29,9,200.93,L,39.640000000000015,O'Shaughnessy's Pub,OhShagHennessy,Horsey Sauce,FeelingDangerouz
L1 The Process,7,7,173.96,8,126.93,W,47.03,Sweep The Leg,ctjoumas,Admiral Snackbar,Dandelo19
L1 The Process,7,8,126.93,7,173.96,L,47.03,Admiral Snackbar,Dandelo19,Sweep The Leg,ctjoumas
L1 The Process,7,9,200.93,6,161.29,W,39.640000000000015,Horsey Sauce,FeelingDangerouz,O'Shaughnessy's Pub,OhShagHennessy
L1 The Process,7,10,194.68,3,170.71,W,23.97,sugarfreemocha,sugarfreemocha,Natanab,Natanab
L1 The Process,8,1,228.56,9,203.18,W,25.379999999999995,Weagle85,Weagle85,Horsey Sauce,FeelingDangerouz
L1 The Process,8,2,197.82,8,152.28,W,45.53999999999999,SycamoreFlynns,SycamoreFlynns,Admiral Snackbar,Dandelo19
L1 The Process,8,3,158.76,7,228.44,L,69.68,Natanab,Natanab,Sweep The Leg,ctjoumas
L1 The Process,8,4,169.62,5,205.81,L,36.19,Hana Ho Beaches,Kendradhl,Of All Days!!!!,DrWraith84
L1 The Process,8,5,205.81,4,169.62,W,36.19,Of All Days!!!!,DrWraith84,Hana Ho Beaches,Kendradhl
L1 The Process,8,6,206.47,10,237.28,L,30.810000000000002,O'Shaughnessy's Pub,OhShagHennessy,sugarfreemocha,sugarfreemocha
L1 The Process,8,7,228.44,3,158.76,W,69.68,Sweep The Leg,ctjoumas,Natanab,Natanab
L1 The Process,8,8,152.28,2,197.82,L,45.53999999999999,Admiral Snackbar,Dandelo19,SycamoreFlynns,SycamoreFlynns
L1 The Process,8,9,203.18,1,228.56,L,25.379999999999995,Horsey Sauce,FeelingDangerouz,Weagle85,Weagle85
L1 The Process,8,10,237.28,6,206.47,W,30.810000000000002,sugarfreemocha,sugarfreemocha,O'Shaughnessy's Pub,OhShagHennessy
L1 The Process,9,1,191.07,10,192.41,L,1.3400000000000034,Weagle85,Weagle85,sugarfreemocha,sugarfreemocha
L1 The Process,9,2,132.75,6,166.61,L,33.860000000000014,SycamoreFlynns,SycamoreFlynns,O'Shaughnessy's Pub,OhShagHennessy
L1 The Process,9,3,145.62,5,165.55,L,19.930000000000007,Natanab,Natanab,Of All Days!!!!,DrWraith84
L1 The Process,9,4,172.55,8,172.53,W,0.020000000000010232,Hana Ho Beaches,Kendradhl,Admiral Snackbar,Dandelo19
L1 The Process,9,5,165.55,3,145.62,W,19.930000000000007,Of All Days!!!!,DrWraith84,Natanab,Natanab
L1 The Process,9,6,166.61,2,132.75,W,33.860000000000014,O'Shaughnessy's Pub,OhShagHennessy,SycamoreFlynns,SycamoreFlynns
L1 The Process,9,7,172.01,9,145.39,W,26.620000000000005,Sweep The Leg,ctjoumas,Horsey Sauce,FeelingDangerouz
L1 The Process,9,8,172.53,4,172.55,L,0.020000000000010232,Admiral Snackbar,Dandelo19,Hana Ho Beaches,Kendradhl
L1 The Process,9,9,145.39,7,172.01,L,26.620000000000005,Horsey Sauce,FeelingDangerouz,Sweep The Leg,ctjoumas
L1 The Process,9,10,192.41,1,191.07,W,1.3400000000000034,sugarfreemocha,sugarfreemocha,Weagle85,Weagle85
L1 The Process,10,1,152.75,6,203.56,L,50.81,Weagle85,Weagle85,O'Shaughnessy's Pub,OhShagHennessy
L1 The Process,10,2,153.52,4,159.96,L,6.439999999999998,SycamoreFlynns,SycamoreFlynns,Hana Ho Beaches,Kendradhl
L1 The Process,10,3,130.56,8,139.11,L,8.550000000000011,Natanab,Natanab,Admiral Snackbar,Dandelo19
L1 The Process,10,4,159.96,2,153.52,W,6.439999999999998,Hana Ho Beaches,Kendradhl,SycamoreFlynns,SycamoreFlynns
L1 The Process,10,5,178.76,7,237.99,L,59.23000000000002,Of All Days!!!!,DrWraith84,Sweep The Leg,ctjoumas
L1 The Process,10,6,203.56,1,152.75,W,50.81,O'Shaughnessy's Pub,OhShagHennessy,Weagle85,Weagle85
L1 The Process,10,7,237.99,5,178.76,W,59.23000000000002,Sweep The Leg,ctjoumas,Of All Days!!!!,DrWraith84
L1 The Process,10,8,139.11,3,130.56,W,8.550000000000011,Admiral Snackbar,Dandelo19,Natanab,Natanab
L1 The Process,10,9,201.99,10,228.89,L,26.899999999999977,Horsey Sauce,FeelingDangerouz,sugarfreemocha,sugarfreemocha
L1 The Process,10,10,228.89,9,201.99,W,26.899999999999977,sugarfreemocha,sugarfreemocha,Horsey Sauce,FeelingDangerouz
L1 The Process,11,1,172.64,3,124.73,W,47.90999999999998,Weagle85,Weagle85,Natanab,Natanab
L1 The Process,11,2,144.67,7,169,L,24.330000000000013,SycamoreFlynns,SycamoreFlynns,Sweep The Leg,ctjoumas
L1 The Process,11,3,124.73,1,172.64,L,47.90999999999998,Natanab,Natanab,Weagle85,Weagle85
L1 The Process,11,4,135.62,10,197.6,L,61.97999999999999,Hana Ho Beaches,Kendradhl,sugarfreemocha,sugarfreemocha
L1 The Process,11,5,195.35,9,203.17,L,7.819999999999993,Of All Days!!!!,DrWraith84,Horsey Sauce,FeelingDangerouz
L1 The Process,11,6,183.77,8,138.76,W,45.01000000000002,O'Shaughnessy's Pub,OhShagHennessy,Admiral Snackbar,Dandelo19
L1 The Process,11,7,169,2,144.67,W,24.330000000000013,Sweep The Leg,ctjoumas,SycamoreFlynns,SycamoreFlynns
L1 The Process,11,8,138.76,6,183.77,L,45.01000000000002,Admiral Snackbar,Dandelo19,O'Shaughnessy's Pub,OhShagHennessy
L1 The Process,11,9,203.17,5,195.35,W,7.819999999999993,Horsey Sauce,FeelingDangerouz,Of All Days!!!!,DrWraith84
L1 The Process,11,10,197.6,4,135.62,W,61.97999999999999,sugarfreemocha,sugarfreemocha,Hana Ho Beaches,Kendradhl
L1 The Process,12,1,168.28,8,175.43,L,7.150000000000006,Weagle85,Weagle85,Admiral Snackbar,Dandelo19
L1 The Process,12,2,179.79,9,201.28,L,21.49000000000001,SycamoreFlynns,SycamoreFlynns,Horsey Sauce,FeelingDangerouz
L1 The Process,12,3,177.43,6,197.19,L,19.75999999999999,Natanab,Natanab,O'Shaughnessy's Pub,OhShagHennessy
L1 The Process,12,4,191.21,7,199.73,L,8.519999999999982,Hana Ho Beaches,Kendradhl,Sweep The Leg,ctjoumas
L1 The Process,12,5,178.32,10,209.39,L,31.069999999999993,Of All Days!!!!,DrWraith84,sugarfreemocha,sugarfreemocha
L1 The Process,12,6,197.19,3,177.43,W,19.75999999999999,O'Shaughnessy's Pub,OhShagHennessy,Natanab,Natanab
L1 The Process,12,7,199.73,4,191.21,W,8.519999999999982,Sweep The Leg,ctjoumas,Hana Ho Beaches,Kendradhl
L1 The Process,12,8,175.43,1,168.28,W,7.150000000000006,Admiral Snackbar,Dandelo19,Weagle85,Weagle85
L1 The Process,12,9,201.28,2,179.79,W,21.49000000000001,Horsey Sauce,FeelingDangerouz,SycamoreFlynns,SycamoreFlynns
L1 The Process,12,10,209.39,5,178.32,W,31.069999999999993,sugarfreemocha,sugarfreemocha,Of All Days!!!!,DrWraith84
L1 The Process,13,1,168.8,7,163.99,W,4.810000000000002,Weagle85,Weagle85,Sweep The Leg,ctjoumas
L1 The Process,13,2,183.94,3,161.25,W,22.689999999999998,SycamoreFlynns,SycamoreFlynns,Natanab,Natanab
L1 The Process,13,3,161.25,2,183.94,L,22.689999999999998,Natanab,Natanab,SycamoreFlynns,SycamoreFlynns
L1 The Process,13,4,191.62,9,208.04,L,16.419999999999987,Hana Ho Beaches,Kendradhl,Horsey Sauce,FeelingDangerouz
L1 The Process,13,5,166.78,6,162.84,W,3.9399999999999977,Of All Days!!!!,DrWraith84,O'Shaughnessy's Pub,OhShagHennessy
L1 The Process,13,6,162.84,5,166.78,L,3.9399999999999977,O'Shaughnessy's Pub,OhShagHennessy,Of All Days!!!!,DrWraith84
L1 The Process,13,7,163.99,1,168.8,L,4.810000000000002,Sweep The Leg,ctjoumas,Weagle85,Weagle85
L1 The Process,13,8,189.14,10,147.03,W,42.109999999999985,Admiral Snackbar,Dandelo19,sugarfreemocha,sugarfreemocha
L1 The Process,13,9,208.04,4,191.62,W,16.419999999999987,Horsey Sauce,FeelingDangerouz,Hana Ho Beaches,Kendradhl
L1 The Process,13,10,147.03,8,189.14,L,42.109999999999985,sugarfreemocha,sugarfreemocha,Admiral Snackbar,Dandelo19
L1 The Process,14,1,203.66,5,186.84,W,16.819999999999993,Weagle85,Weagle85,Of All Days!!!!,DrWraith84
L1 The Process,14,2,170.51,10,210.88,L,40.370000000000005,SycamoreFlynns,SycamoreFlynns,sugarfreemocha,sugarfreemocha
L1 The Process,14,3,199.87,4,172.61,W,27.25999999999999,Natanab,Natanab,Hana Ho Beaches,Kendradhl
L1 The Process,14,4,172.61,3,199.87,L,27.25999999999999,Hana Ho Beaches,Kendradhl,Natanab,Natanab
L1 The Process,14,5,186.84,1,203.66,L,16.819999999999993,Of All Days!!!!,DrWraith84,Weagle85,Weagle85
L1 The Process,14,6,186.06,7,149.1,W,36.96000000000001,O'Shaughnessy's Pub,OhShagHennessy,Sweep The Leg,ctjoumas
L1 The Process,14,7,149.1,6,186.06,L,36.96000000000001,Sweep The Leg,ctjoumas,O'Shaughnessy's Pub,OhShagHennessy
L1 The Process,14,8,119.67,9,213.54,L,93.86999999999999,Admiral Snackbar,Dandelo19,Horsey Sauce,FeelingDangerouz
L1 The Process,14,9,213.54,8,119.67,W,93.86999999999999,Horsey Sauce,FeelingDangerouz,Admiral Snackbar,Dandelo19
L1 The Process,14,10,210.88,2,170.51,W,40.370000000000005,sugarfreemocha,sugarfreemocha,SycamoreFlynns,SycamoreFlynns
L1 The Process,15,2,179.48,4,201.53,L,22.05000000000001,SycamoreFlynns,SycamoreFlynns,Hana Ho Beaches,Kendradhl
L1 The Process,15,3,149.96,8,175.93,L,25.97,Natanab,Natanab,Admiral Snackbar,Dandelo19
L1 The Process,15,4,201.53,2,179.48,W,22.05000000000001,Hana Ho Beaches,Kendradhl,SycamoreFlynns,SycamoreFlynns
L1 The Process,15,5,182.1,10,236.02,L,53.920000000000016,Of All Days!!!!,DrWraith84,sugarfreemocha,sugarfreemocha
L1 The Process,15,7,190.52,9,203.37,L,12.849999999999994,Sweep The Leg,ctjoumas,Horsey Sauce,FeelingDangerouz
L1 The Process,15,8,175.93,3,149.96,W,25.97,Admiral Snackbar,Dandelo19,Natanab,Natanab
L1 The Process,15,9,203.37,7,190.52,W,12.849999999999994,Horsey Sauce,FeelingDangerouz,Sweep The Leg,ctjoumas
L1 The Process,15,10,236.02,5,182.1,W,53.920000000000016,sugarfreemocha,sugarfreemocha,Of All Days!!!!,DrWraith84
L1 The Process,16,2,190.96,3,164.92,W,26.04000000000002,SycamoreFlynns,SycamoreFlynns,Natanab,Natanab
L1 The Process,16,3,164.92,2,190.96,L,26.04000000000002,Natanab,Natanab,SycamoreFlynns,SycamoreFlynns
L1 The Process,16,4,200.46,8,127.18,W,73.28,Hana Ho Beaches,Kendradhl,Admiral Snackbar,Dandelo19
L1 The Process,16,5,212.57,7,179.92,W,32.650000000000006,Of All Days!!!!,DrWraith84,Sweep The Leg,ctjoumas
L1 The Process,16,7,179.92,5,212.57,L,32.650000000000006,Sweep The Leg,ctjoumas,Of All Days!!!!,DrWraith84
L1 The Process,16,8,127.18,4,200.46,L,73.28,Admiral Snackbar,Dandelo19,Hana Ho Beaches,Kendradhl
L1 The Process,16,9,252.61,10,179.13,W,73.48000000000002,Horsey Sauce,FeelingDangerouz,sugarfreemocha,sugarfreemocha
L1 The Process,16,10,179.13,9,252.61,L,73.48000000000002,sugarfreemocha,sugarfreemocha,Horsey Sauce,FeelingDangerouz
L1 The Process,17,2,172.51,3,163.98,W,8.530000000000001,SycamoreFlynns,SycamoreFlynns,Natanab,Natanab
L1 The Process,17,3,163.98,2,172.51,L,8.530000000000001,Natanab,Natanab,SycamoreFlynns,SycamoreFlynns
L1 The Process,17,4,189.91,8,222.43,L,32.52000000000001,Hana Ho Beaches,Kendradhl,Admiral Snackbar,Dandelo19
L1 The Process,17,5,160.39,7,169.88,L,9.490000000000009,Of All Days!!!!,DrWraith84,Sweep The Leg,ctjoumas
L1 The Process,17,7,169.88,5,160.39,W,9.490000000000009,Sweep The Leg,ctjoumas,Of All Days!!!!,DrWraith84
L1 The Process,17,8,222.43,4,189.91,W,32.52000000000001,Admiral Snackbar,Dandelo19,Hana Ho Beaches,Kendradhl
L1 The Process,17,9,237.45,10,175,W,62.44999999999999,Horsey Sauce,FeelingDangerouz,sugarfreemocha,sugarfreemocha
L1 The Process,17,10,175,9,237.45,L,62.44999999999999,sugarfreemocha,sugarfreemocha,Horsey Sauce,FeelingDangerouz
L2 Sack Based Floor,1,1,171.96,6,140.01,W,31.950000000000017,kfisch55,kfisch55,Leg Wrestling Champ,RawlsTofJ
L2 Sack Based Floor,1,2,164.45,8,155.15,W,9.299999999999983,LamArby’s,apulianas,The Process,stephensear
L2 Sack Based Floor,1,3,194.52,5,146.22,W,48.30000000000001,WhatKindOfNameIsDenny?,jimmy2thumbs, I am tilting,arthurdantas
L2 Sack Based Floor,1,4,172.44,9,182.29,L,9.849999999999994,The Poop Monsters,karmannkc,jbieligk,jbieligk
L2 Sack Based Floor,1,5,146.22,3,194.52,L,48.30000000000001, I am tilting,arthurdantas,WhatKindOfNameIsDenny?,jimmy2thumbs
L2 Sack Based Floor,1,6,140.01,1,171.96,L,31.950000000000017,Leg Wrestling Champ,RawlsTofJ,kfisch55,kfisch55
L2 Sack Based Floor,1,7,207.99,10,142.25,W,65.74000000000001,Sorry to the kids,FoolofaTook13,Not Great Bob,tommcg17
L2 Sack Based Floor,1,8,155.15,2,164.45,L,9.299999999999983,The Process,stephensear,LamArby’s,apulianas
L2 Sack Based Floor,1,9,182.29,4,172.44,W,9.849999999999994,jbieligk,jbieligk,The Poop Monsters,karmannkc
L2 Sack Based Floor,1,10,142.25,7,207.99,L,65.74000000000001,Not Great Bob,tommcg17,Sorry to the kids,FoolofaTook13
L2 Sack Based Floor,2,1,197.89,3,171.02,W,26.869999999999976,kfisch55,kfisch55,WhatKindOfNameIsDenny?,jimmy2thumbs
L2 Sack Based Floor,2,2,180.09,4,249.93,L,69.84,LamArby’s,apulianas,The Poop Monsters,karmannkc
L2 Sack Based Floor,2,3,171.02,1,197.89,L,26.869999999999976,WhatKindOfNameIsDenny?,jimmy2thumbs,kfisch55,kfisch55
L2 Sack Based Floor,2,4,249.93,2,180.09,W,69.84,The Poop Monsters,karmannkc,LamArby’s,apulianas
L2 Sack Based Floor,2,5,208.12,7,224.53,L,16.409999999999997, I am tilting,arthurdantas,Sorry to the kids,FoolofaTook13
L2 Sack Based Floor,2,6,174.05,10,169.28,W,4.77000000000001,Leg Wrestling Champ,RawlsTofJ,Not Great Bob,tommcg17
L2 Sack Based Floor,2,7,224.53,5,208.12,W,16.409999999999997,Sorry to the kids,FoolofaTook13, I am tilting,arthurdantas
L2 Sack Based Floor,2,8,183.08,9,206.88,L,23.799999999999983,The Process,stephensear,jbieligk,jbieligk
L2 Sack Based Floor,2,9,206.88,8,183.08,W,23.799999999999983,jbieligk,jbieligk,The Process,stephensear
L2 Sack Based Floor,2,10,169.28,6,174.05,L,4.77000000000001,Not Great Bob,tommcg17,Leg Wrestling Champ,RawlsTofJ
L2 Sack Based Floor,3,1,140.18,7,234.42,L,94.23999999999998,kfisch55,kfisch55,Sorry to the kids,FoolofaTook13
L2 Sack Based Floor,3,2,252.29,9,175.88,W,76.41,LamArby’s,apulianas,jbieligk,jbieligk
L2 Sack Based Floor,3,3,236.94,6,238.75,L,1.8100000000000023,WhatKindOfNameIsDenny?,jimmy2thumbs,Leg Wrestling Champ,RawlsTofJ
L2 Sack Based Floor,3,4,174.09,8,135.35,W,38.74000000000001,The Poop Monsters,karmannkc,The Process,stephensear
L2 Sack Based Floor,3,5,162.26,10,191.83,L,29.57000000000002, I am tilting,arthurdantas,Not Great Bob,tommcg17
L2 Sack Based Floor,3,6,238.75,3,236.94,W,1.8100000000000023,Leg Wrestling Champ,RawlsTofJ,WhatKindOfNameIsDenny?,jimmy2thumbs
L2 Sack Based Floor,3,7,234.42,1,140.18,W,94.23999999999998,Sorry to the kids,FoolofaTook13,kfisch55,kfisch55
L2 Sack Based Floor,3,8,135.35,4,174.09,L,38.74000000000001,The Process,stephensear,The Poop Monsters,karmannkc
L2 Sack Based Floor,3,9,175.88,2,252.29,L,76.41,jbieligk,jbieligk,LamArby’s,apulianas
L2 Sack Based Floor,3,10,191.83,5,162.26,W,29.57000000000002,Not Great Bob,tommcg17, I am tilting,arthurdantas
L2 Sack Based Floor,4,1,202.59,10,172.23,W,30.360000000000014,kfisch55,kfisch55,Not Great Bob,tommcg17
L2 Sack Based Floor,4,2,180.17,5,167.58,W,12.589999999999975,LamArby’s,apulianas, I am tilting,arthurdantas
L2 Sack Based Floor,4,3,224.76,8,193.46,W,31.299999999999983,WhatKindOfNameIsDenny?,jimmy2thumbs,The Process,stephensear
L2 Sack Based Floor,4,4,185.31,7,154.31,W,31,The Poop Monsters,karmannkc,Sorry to the kids,FoolofaTook13
L2 Sack Based Floor,4,5,167.58,2,180.17,L,12.589999999999975, I am tilting,arthurdantas,LamArby’s,apulianas
L2 Sack Based Floor,4,6,172.26,9,186.42,L,14.159999999999997,Leg Wrestling Champ,RawlsTofJ,jbieligk,jbieligk
L2 Sack Based Floor,4,7,154.31,4,185.31,L,31,Sorry to the kids,FoolofaTook13,The Poop Monsters,karmannkc
L2 Sack Based Floor,4,8,193.46,3,224.76,L,31.299999999999983,The Process,stephensear,WhatKindOfNameIsDenny?,jimmy2thumbs
L2 Sack Based Floor,4,9,186.42,6,172.26,W,14.159999999999997,jbieligk,jbieligk,Leg Wrestling Champ,RawlsTofJ
L2 Sack Based Floor,4,10,172.23,1,202.59,L,30.360000000000014,Not Great Bob,tommcg17,kfisch55,kfisch55
L2 Sack Based Floor,5,1,160.61,9,197.76,L,37.14999999999998,kfisch55,kfisch55,jbieligk,jbieligk
L2 Sack Based Floor,5,2,174.86,3,164.89,W,9.970000000000027,LamArby’s,apulianas,WhatKindOfNameIsDenny?,jimmy2thumbs
L2 Sack Based Floor,5,3,164.89,2,174.86,L,9.970000000000027,WhatKindOfNameIsDenny?,jimmy2thumbs,LamArby’s,apulianas
L2 Sack Based Floor,5,4,183.15,10,182.23,W,0.9200000000000159,The Poop Monsters,karmannkc,Not Great Bob,tommcg17
L2 Sack Based Floor,5,5,173,8,235.66,L,62.66, I am tilting,arthurdantas,The Process,stephensear
L2 Sack Based Floor,5,6,193.69,7,209.98,L,16.289999999999992,Leg Wrestling Champ,RawlsTofJ,Sorry to the kids,FoolofaTook13
L2 Sack Based Floor,5,7,209.98,6,193.69,W,16.289999999999992,Sorry to the kids,FoolofaTook13,Leg Wrestling Champ,RawlsTofJ
L2 Sack Based Floor,5,8,235.66,5,173,W,62.66,The Process,stephensear, I am tilting,arthurdantas
L2 Sack Based Floor,5,9,197.76,1,160.61,W,37.14999999999998,jbieligk,jbieligk,kfisch55,kfisch55
L2 Sack Based Floor,5,10,182.23,4,183.15,L,0.9200000000000159,Not Great Bob,tommcg17,The Poop Monsters,karmannkc
L2 Sack Based Floor,6,1,173.21,4,172.02,W,1.1899999999999977,kfisch55,kfisch55,The Poop Monsters,karmannkc
L2 Sack Based Floor,6,2,196,7,178.83,W,17.169999999999987,LamArby’s,apulianas,Sorry to the kids,FoolofaTook13
L2 Sack Based Floor,6,3,171.36,9,160.52,W,10.840000000000003,WhatKindOfNameIsDenny?,jimmy2thumbs,jbieligk,jbieligk
L2 Sack Based Floor,6,4,172.02,1,173.21,L,1.1899999999999977,The Poop Monsters,karmannkc,kfisch55,kfisch55
L2 Sack Based Floor,6,5,132.88,6,157.59,L,24.710000000000008, I am tilting,arthurdantas,Leg Wrestling Champ,RawlsTofJ
L2 Sack Based Floor,6,6,157.59,5,132.88,W,24.710000000000008,Leg Wrestling Champ,RawlsTofJ, I am tilting,arthurdantas
L2 Sack Based Floor,6,7,178.83,2,196,L,17.169999999999987,Sorry to the kids,FoolofaTook13,LamArby’s,apulianas
L2 Sack Based Floor,6,8,168.98,10,137.13,W,31.849999999999994,The Process,stephensear,Not Great Bob,tommcg17
L2 Sack Based Floor,6,9,160.52,3,171.36,L,10.840000000000003,jbieligk,jbieligk,WhatKindOfNameIsDenny?,jimmy2thumbs
L2 Sack Based Floor,6,10,137.13,8,168.98,L,31.849999999999994,Not Great Bob,tommcg17,The Process,stephensear
L2 Sack Based Floor,7,1,180.26,8,120.93,W,59.329999999999984,kfisch55,kfisch55,The Process,stephensear
L2 Sack Based Floor,7,2,214.47,10,120.09,W,94.38,LamArby’s,apulianas,Not Great Bob,tommcg17
L2 Sack Based Floor,7,3,177.21,7,187.93,L,10.719999999999999,WhatKindOfNameIsDenny?,jimmy2thumbs,Sorry to the kids,FoolofaTook13
L2 Sack Based Floor,7,4,247.76,6,127.2,W,120.55999999999999,The Poop Monsters,karmannkc,Leg Wrestling Champ,RawlsTofJ
L2 Sack Based Floor,7,5,142.2,9,182.11,L,39.910000000000025, I am tilting,arthurdantas,jbieligk,jbieligk
L2 Sack Based Floor,7,6,127.2,4,247.76,L,120.55999999999999,Leg Wrestling Champ,RawlsTofJ,The Poop Monsters,karmannkc
L2 Sack Based Floor,7,7,187.93,3,177.21,W,10.719999999999999,Sorry to the kids,FoolofaTook13,WhatKindOfNameIsDenny?,jimmy2thumbs
L2 Sack Based Floor,7,8,120.93,1,180.26,L,59.329999999999984,The Process,stephensear,kfisch55,kfisch55
L2 Sack Based Floor,7,9,182.11,5,142.2,W,39.910000000000025,jbieligk,jbieligk, I am tilting,arthurdantas
L2 Sack Based Floor,7,10,120.09,2,214.47,L,94.38,Not Great Bob,tommcg17,LamArby’s,apulianas
L2 Sack Based Floor,8,1,189.84,2,245.64,L,55.79999999999998,kfisch55,kfisch55,LamArby’s,apulianas
L2 Sack Based Floor,8,2,245.64,1,189.84,W,55.79999999999998,LamArby’s,apulianas,kfisch55,kfisch55
L2 Sack Based Floor,8,3,207.54,10,212.81,L,5.27000000000001,WhatKindOfNameIsDenny?,jimmy2thumbs,Not Great Bob,tommcg17
L2 Sack Based Floor,8,4,177.56,5,191.54,L,13.97999999999999,The Poop Monsters,karmannkc, I am tilting,arthurdantas
L2 Sack Based Floor,8,5,191.54,4,177.56,W,13.97999999999999, I am tilting,arthurdantas,The Poop Monsters,karmannkc
L2 Sack Based Floor,8,6,135.72,8,203.94,L,68.22,Leg Wrestling Champ,RawlsTofJ,The Process,stephensear
L2 Sack Based Floor,8,7,230.04,9,213.81,W,16.22999999999999,Sorry to the kids,FoolofaTook13,jbieligk,jbieligk
L2 Sack Based Floor,8,8,203.94,6,135.72,W,68.22,The Process,stephensear,Leg Wrestling Champ,RawlsTofJ
L2 Sack Based Floor,8,9,213.81,7,230.04,L,16.22999999999999,jbieligk,jbieligk,Sorry to the kids,FoolofaTook13
L2 Sack Based Floor,8,10,212.81,3,207.54,W,5.27000000000001,Not Great Bob,tommcg17,WhatKindOfNameIsDenny?,jimmy2thumbs
L2 Sack Based Floor,9,1,128.36,5,195.18,L,66.82,kfisch55,kfisch55, I am tilting,arthurdantas
L2 Sack Based Floor,9,2,144.75,6,165.32,L,20.569999999999993,LamArby’s,apulianas,Leg Wrestling Champ,RawlsTofJ
L2 Sack Based Floor,9,3,189.48,4,165.62,W,23.859999999999985,WhatKindOfNameIsDenny?,jimmy2thumbs,The Poop Monsters,karmannkc
L2 Sack Based Floor,9,4,165.62,3,189.48,L,23.859999999999985,The Poop Monsters,karmannkc,WhatKindOfNameIsDenny?,jimmy2thumbs
L2 Sack Based Floor,9,5,195.18,1,128.36,W,66.82, I am tilting,arthurdantas,kfisch55,kfisch55
L2 Sack Based Floor,9,6,165.32,2,144.75,W,20.569999999999993,Leg Wrestling Champ,RawlsTofJ,LamArby’s,apulianas
L2 Sack Based Floor,9,7,151.23,8,177.47,L,26.24000000000001,Sorry to the kids,FoolofaTook13,The Process,stephensear
L2 Sack Based Floor,9,8,177.47,7,151.23,W,26.24000000000001,The Process,stephensear,Sorry to the kids,FoolofaTook13
L2 Sack Based Floor,9,9,174.96,10,176.21,L,1.25,jbieligk,jbieligk,Not Great Bob,tommcg17
L2 Sack Based Floor,9,10,176.21,9,174.96,W,1.25,Not Great Bob,tommcg17,jbieligk,jbieligk
L2 Sack Based Floor,10,1,161.59,6,144.19,W,17.400000000000006,kfisch55,kfisch55,Leg Wrestling Champ,RawlsTofJ
L2 Sack Based Floor,10,2,161.03,8,155.78,W,5.25,LamArby’s,apulianas,The Process,stephensear
L2 Sack Based Floor,10,3,198.46,5,149.24,W,49.22,WhatKindOfNameIsDenny?,jimmy2thumbs, I am tilting,arthurdantas
L2 Sack Based Floor,10,4,193.68,9,226.2,L,32.51999999999998,The Poop Monsters,karmannkc,jbieligk,jbieligk
L2 Sack Based Floor,10,5,149.24,3,198.46,L,49.22, I am tilting,arthurdantas,WhatKindOfNameIsDenny?,jimmy2thumbs
L2 Sack Based Floor,10,6,144.19,1,161.59,L,17.400000000000006,Leg Wrestling Champ,RawlsTofJ,kfisch55,kfisch55
L2 Sack Based Floor,10,7,216.54,10,196.47,W,20.069999999999993,Sorry to the kids,FoolofaTook13,Not Great Bob,tommcg17
L2 Sack Based Floor,10,8,155.78,2,161.03,L,5.25,The Process,stephensear,LamArby’s,apulianas
L2 Sack Based Floor,10,9,226.2,4,193.68,W,32.51999999999998,jbieligk,jbieligk,The Poop Monsters,karmannkc
L2 Sack Based Floor,10,10,196.47,7,216.54,L,20.069999999999993,Not Great Bob,tommcg17,Sorry to the kids,FoolofaTook13
L2 Sack Based Floor,11,1,152.74,3,177.92,L,25.17999999999998,kfisch55,kfisch55,WhatKindOfNameIsDenny?,jimmy2thumbs
L2 Sack Based Floor,11,2,178.12,4,187.46,L,9.340000000000003,LamArby’s,apulianas,The Poop Monsters,karmannkc
L2 Sack Based Floor,11,3,177.92,1,152.74,W,25.17999999999998,WhatKindOfNameIsDenny?,jimmy2thumbs,kfisch55,kfisch55
L2 Sack Based Floor,11,4,187.46,2,178.12,W,9.340000000000003,The Poop Monsters,karmannkc,LamArby’s,apulianas
L2 Sack Based Floor,11,5,148.04,7,166.11,L,18.07000000000002, I am tilting,arthurdantas,Sorry to the kids,FoolofaTook13
L2 Sack Based Floor,11,6,141.08,10,191.44,L,50.359999999999985,Leg Wrestling Champ,RawlsTofJ,Not Great Bob,tommcg17
L2 Sack Based Floor,11,7,166.11,5,148.04,W,18.07000000000002,Sorry to the kids,FoolofaTook13, I am tilting,arthurdantas
L2 Sack Based Floor,11,8,140.79,9,211.03,L,70.24000000000001,The Process,stephensear,jbieligk,jbieligk
L2 Sack Based Floor,11,9,211.03,8,140.79,W,70.24000000000001,jbieligk,jbieligk,The Process,stephensear
L2 Sack Based Floor,11,10,191.44,6,141.08,W,50.359999999999985,Not Great Bob,tommcg17,Leg Wrestling Champ,RawlsTofJ
L2 Sack Based Floor,12,1,195.09,7,197.8,L,2.710000000000008,kfisch55,kfisch55,Sorry to the kids,FoolofaTook13
L2 Sack Based Floor,12,2,192.82,9,180.02,W,12.799999999999983,LamArby’s,apulianas,jbieligk,jbieligk
L2 Sack Based Floor,12,3,182.1,6,178.88,W,3.219999999999999,WhatKindOfNameIsDenny?,jimmy2thumbs,Leg Wrestling Champ,RawlsTofJ
L2 Sack Based Floor,12,4,193.29,8,204.05,L,10.76000000000002,The Poop Monsters,karmannkc,The Process,stephensear
L2 Sack Based Floor,12,5,115.83,10,227.19,L,111.36, I am tilting,arthurdantas,Not Great Bob,tommcg17
L2 Sack Based Floor,12,6,178.88,3,182.1,L,3.219999999999999,Leg Wrestling Champ,RawlsTofJ,WhatKindOfNameIsDenny?,jimmy2thumbs
L2 Sack Based Floor,12,7,197.8,1,195.09,W,2.710000000000008,Sorry to the kids,FoolofaTook13,kfisch55,kfisch55
L2 Sack Based Floor,12,8,204.05,4,193.29,W,10.76000000000002,The Process,stephensear,The Poop Monsters,karmannkc
L2 Sack Based Floor,12,9,180.02,2,192.82,L,12.799999999999983,jbieligk,jbieligk,LamArby’s,apulianas
L2 Sack Based Floor,12,10,227.19,5,115.83,W,111.36,Not Great Bob,tommcg17, I am tilting,arthurdantas
L2 Sack Based Floor,13,1,150.44,10,176.15,L,25.710000000000008,kfisch55,kfisch55,Not Great Bob,tommcg17
L2 Sack Based Floor,13,2,213.35,5,105.53,W,107.82,LamArby’s,apulianas, I am tilting,arthurdantas
L2 Sack Based Floor,13,3,167.13,8,203.19,L,36.06,WhatKindOfNameIsDenny?,jimmy2thumbs,The Process,stephensear
L2 Sack Based Floor,13,4,213.58,7,180.39,W,33.190000000000026,The Poop Monsters,karmannkc,Sorry to the kids,FoolofaTook13
L2 Sack Based Floor,13,5,105.53,2,213.35,L,107.82, I am tilting,arthurdantas,LamArby’s,apulianas
L2 Sack Based Floor,13,6,168.55,9,207.07,L,38.51999999999998,Leg Wrestling Champ,RawlsTofJ,jbieligk,jbieligk
L2 Sack Based Floor,13,7,180.39,4,213.58,L,33.190000000000026,Sorry to the kids,FoolofaTook13,The Poop Monsters,karmannkc
L2 Sack Based Floor,13,8,203.19,3,167.13,W,36.06,The Process,stephensear,WhatKindOfNameIsDenny?,jimmy2thumbs
L2 Sack Based Floor,13,9,207.07,6,168.55,W,38.51999999999998,jbieligk,jbieligk,Leg Wrestling Champ,RawlsTofJ
L2 Sack Based Floor,13,10,176.15,1,150.44,W,25.710000000000008,Not Great Bob,tommcg17,kfisch55,kfisch55
L2 Sack Based Floor,14,1,170.19,9,186.84,L,16.650000000000006,kfisch55,kfisch55,jbieligk,jbieligk
L2 Sack Based Floor,14,2,237.79,3,176.23,W,61.56,LamArby’s,apulianas,WhatKindOfNameIsDenny?,jimmy2thumbs
L2 Sack Based Floor,14,3,176.23,2,237.79,L,61.56,WhatKindOfNameIsDenny?,jimmy2thumbs,LamArby’s,apulianas
L2 Sack Based Floor,14,4,170.21,10,155.22,W,14.990000000000009,The Poop Monsters,karmannkc,Not Great Bob,tommcg17
L2 Sack Based Floor,14,5,112.91,8,210.91,L,98, I am tilting,arthurdantas,The Process,stephensear
L2 Sack Based Floor,14,6,120.57,7,170.49,L,49.920000000000016,Leg Wrestling Champ,RawlsTofJ,Sorry to the kids,FoolofaTook13
L2 Sack Based Floor,14,7,170.49,6,120.57,W,49.920000000000016,Sorry to the kids,FoolofaTook13,Leg Wrestling Champ,RawlsTofJ
L2 Sack Based Floor,14,8,210.91,5,112.91,W,98,The Process,stephensear, I am tilting,arthurdantas
L2 Sack Based Floor,14,9,186.84,1,170.19,W,16.650000000000006,jbieligk,jbieligk,kfisch55,kfisch55
L2 Sack Based Floor,14,10,155.22,4,170.21,L,14.990000000000009,Not Great Bob,tommcg17,The Poop Monsters,karmannkc
L2 Sack Based Floor,15,1,174.86,6,112.18,W,62.68000000000001,kfisch55,kfisch55,Leg Wrestling Champ,RawlsTofJ
L2 Sack Based Floor,15,2,206.18,9,201.05,W,5.1299999999999955,LamArby’s,apulianas,jbieligk,jbieligk
L2 Sack Based Floor,15,4,205.32,7,177.73,W,27.590000000000003,The Poop Monsters,karmannkc,Sorry to the kids,FoolofaTook13
L2 Sack Based Floor,15,5,101.55,10,188.28,L,86.73, I am tilting,arthurdantas,Not Great Bob,tommcg17
L2 Sack Based Floor,15,6,112.18,1,174.86,L,62.68000000000001,Leg Wrestling Champ,RawlsTofJ,kfisch55,kfisch55
L2 Sack Based Floor,15,7,177.73,4,205.32,L,27.590000000000003,Sorry to the kids,FoolofaTook13,The Poop Monsters,karmannkc
L2 Sack Based Floor,15,9,201.05,2,206.18,L,5.1299999999999955,jbieligk,jbieligk,LamArby’s,apulianas
L2 Sack Based Floor,15,10,188.28,5,101.55,W,86.73,Not Great Bob,tommcg17, I am tilting,arthurdantas
L2 Sack Based Floor,16,1,179.82,10,218.14,L,38.31999999999999,kfisch55,kfisch55,Not Great Bob,tommcg17
L2 Sack Based Floor,16,2,178.13,4,197.61,L,19.480000000000018,LamArby’s,apulianas,The Poop Monsters,karmannkc
L2 Sack Based Floor,16,4,197.61,2,178.13,W,19.480000000000018,The Poop Monsters,karmannkc,LamArby’s,apulianas
L2 Sack Based Floor,16,5,131.03,6,130.03,W,1, I am tilting,arthurdantas,Leg Wrestling Champ,RawlsTofJ
L2 Sack Based Floor,16,6,130.03,5,131.03,L,1,Leg Wrestling Champ,RawlsTofJ, I am tilting,arthurdantas
L2 Sack Based Floor,16,7,231.4,9,186.97,W,44.43000000000001,Sorry to the kids,FoolofaTook13,jbieligk,jbieligk
L2 Sack Based Floor,16,9,186.97,7,231.4,L,44.43000000000001,jbieligk,jbieligk,Sorry to the kids,FoolofaTook13
L2 Sack Based Floor,16,10,218.14,1,179.82,W,38.31999999999999,Not Great Bob,tommcg17,kfisch55,kfisch55
L2 Sack Based Floor,17,1,162.27,10,167.39,L,5.119999999999976,kfisch55,kfisch55,Not Great Bob,tommcg17
L2 Sack Based Floor,17,2,225.17,4,220.16,W,5.009999999999991,LamArby’s,apulianas,The Poop Monsters,karmannkc
L2 Sack Based Floor,17,4,220.16,2,225.17,L,5.009999999999991,The Poop Monsters,karmannkc,LamArby’s,apulianas
L2 Sack Based Floor,17,5,102.52,6,113.08,L,10.560000000000002, I am tilting,arthurdantas,Leg Wrestling Champ,RawlsTofJ
L2 Sack Based Floor,17,6,113.08,5,102.52,W,10.560000000000002,Leg Wrestling Champ,RawlsTofJ, I am tilting,arthurdantas
L2 Sack Based Floor,17,7,183.46,9,186.67,L,3.2099999999999795,Sorry to the kids,FoolofaTook13,jbieligk,jbieligk
L2 Sack Based Floor,17,9,186.67,7,183.46,W,3.2099999999999795,jbieligk,jbieligk,Sorry to the kids,FoolofaTook13
L2 Sack Based Floor,17,10,167.39,1,162.27,W,5.119999999999976,Not Great Bob,tommcg17,kfisch55,kfisch55
L3 The Only Legitimate LTS Bowl League,1,1,171.6,2,196.51,L,24.909999999999997,39ers,tripp39,The Enemy Speaks Kindly,Deredactyl
L3 The Only Legitimate LTS Bowl League,1,2,196.51,1,171.6,W,24.909999999999997,The Enemy Speaks Kindly,Deredactyl,39ers,tripp39
L3 The Only Legitimate LTS Bowl League,1,3,150.83,4,149.76,W,1.0700000000000216,Turd Ferguson,TurdFergusonFF,My Team Sux,_casey88
L3 The Only Legitimate LTS Bowl League,1,4,149.76,3,150.83,L,1.0700000000000216,My Team Sux,_casey88,Turd Ferguson,TurdFergusonFF
L3 The Only Legitimate LTS Bowl League,1,5,184.47,8,187.35,L,2.8799999999999955,The Woke FAAB,reginaldo,WilhelmTilt,ringular
L3 The Only Legitimate LTS Bowl League,1,6,111.03,10,156.94,L,45.91,Edina Cake Eaters,ecsirkin,Ridders Revenge,johnnysmomskid
L3 The Only Legitimate LTS Bowl League,1,7,138.47,9,210.89,L,72.41999999999999,Gods of War,DefLepFan4Ever,Never Owned ,alexewart
L3 The Only Legitimate LTS Bowl League,1,8,187.35,5,184.47,W,2.8799999999999955,WilhelmTilt,ringular,The Woke FAAB,reginaldo
L3 The Only Legitimate LTS Bowl League,1,9,210.89,7,138.47,W,72.41999999999999,Never Owned ,alexewart,Gods of War,DefLepFan4Ever
L3 The Only Legitimate LTS Bowl League,1,10,156.94,6,111.03,W,45.91,Ridders Revenge,johnnysmomskid,Edina Cake Eaters,ecsirkin
L3 The Only Legitimate LTS Bowl League,2,1,246.1,4,196.56,W,49.53999999999999,39ers,tripp39,My Team Sux,_casey88
L3 The Only Legitimate LTS Bowl League,2,2,218.82,8,209.6,W,9.219999999999999,The Enemy Speaks Kindly,Deredactyl,WilhelmTilt,ringular
L3 The Only Legitimate LTS Bowl League,2,3,212.15,5,230.49,L,18.340000000000003,Turd Ferguson,TurdFergusonFF,The Woke FAAB,reginaldo
L3 The Only Legitimate LTS Bowl League,2,4,196.56,1,246.1,L,49.53999999999999,My Team Sux,_casey88,39ers,tripp39
L3 The Only Legitimate LTS Bowl League,2,5,230.49,3,212.15,W,18.340000000000003,The Woke FAAB,reginaldo,Turd Ferguson,TurdFergusonFF
L3 The Only Legitimate LTS Bowl League,2,6,148.59,9,181.16,L,32.56999999999999,Edina Cake Eaters,ecsirkin,Never Owned ,alexewart
L3 The Only Legitimate LTS Bowl League,2,7,160.3,10,174.97,L,14.669999999999987,Gods of War,DefLepFan4Ever,Ridders Revenge,johnnysmomskid
L3 The Only Legitimate LTS Bowl League,2,8,209.6,2,218.82,L,9.219999999999999,WilhelmTilt,ringular,The Enemy Speaks Kindly,Deredactyl
L3 The Only Legitimate LTS Bowl League,2,9,181.16,6,148.59,W,32.56999999999999,Never Owned ,alexewart,Edina Cake Eaters,ecsirkin
L3 The Only Legitimate LTS Bowl League,2,10,174.97,7,160.3,W,14.669999999999987,Ridders Revenge,johnnysmomskid,Gods of War,DefLepFan4Ever
L3 The Only Legitimate LTS Bowl League,3,1,217.24,8,199.76,W,17.480000000000018,39ers,tripp39,WilhelmTilt,ringular
L3 The Only Legitimate LTS Bowl League,3,2,206.05,3,228.69,L,22.639999999999986,The Enemy Speaks Kindly,Deredactyl,Turd Ferguson,TurdFergusonFF
L3 The Only Legitimate LTS Bowl League,3,3,228.69,2,206.05,W,22.639999999999986,Turd Ferguson,TurdFergusonFF,The Enemy Speaks Kindly,Deredactyl
L3 The Only Legitimate LTS Bowl League,3,4,167.39,5,168.72,L,1.3300000000000125,My Team Sux,_casey88,The Woke FAAB,reginaldo
L3 The Only Legitimate LTS Bowl League,3,5,168.72,4,167.39,W,1.3300000000000125,The Woke FAAB,reginaldo,My Team Sux,_casey88
L3 The Only Legitimate LTS Bowl League,3,6,186.34,7,170.51,W,15.830000000000013,Edina Cake Eaters,ecsirkin,Gods of War,DefLepFan4Ever
L3 The Only Legitimate LTS Bowl League,3,7,170.51,6,186.34,L,15.830000000000013,Gods of War,DefLepFan4Ever,Edina Cake Eaters,ecsirkin
L3 The Only Legitimate LTS Bowl League,3,8,199.76,1,217.24,L,17.480000000000018,WilhelmTilt,ringular,39ers,tripp39
L3 The Only Legitimate LTS Bowl League,3,9,190.76,10,205.56,L,14.800000000000011,Never Owned ,alexewart,Ridders Revenge,johnnysmomskid
L3 The Only Legitimate LTS Bowl League,3,10,205.56,9,190.76,W,14.800000000000011,Ridders Revenge,johnnysmomskid,Never Owned ,alexewart
L3 The Only Legitimate LTS Bowl League,4,1,221.59,3,190.91,W,30.680000000000007,39ers,tripp39,Turd Ferguson,TurdFergusonFF
L3 The Only Legitimate LTS Bowl League,4,2,163.99,6,122.41,W,41.58000000000001,The Enemy Speaks Kindly,Deredactyl,Edina Cake Eaters,ecsirkin
L3 The Only Legitimate LTS Bowl League,4,3,190.91,1,221.59,L,30.680000000000007,Turd Ferguson,TurdFergusonFF,39ers,tripp39
L3 The Only Legitimate LTS Bowl League,4,4,185.81,10,205.22,L,19.409999999999997,My Team Sux,_casey88,Ridders Revenge,johnnysmomskid
L3 The Only Legitimate LTS Bowl League,4,5,185.93,7,174.18,W,11.75,The Woke FAAB,reginaldo,Gods of War,DefLepFan4Ever
L3 The Only Legitimate LTS Bowl League,4,6,122.41,2,163.99,L,41.58000000000001,Edina Cake Eaters,ecsirkin,The Enemy Speaks Kindly,Deredactyl
L3 The Only Legitimate LTS Bowl League,4,7,174.18,5,185.93,L,11.75,Gods of War,DefLepFan4Ever,The Woke FAAB,reginaldo
L3 The Only Legitimate LTS Bowl League,4,8,158.9,9,208.92,L,50.01999999999998,WilhelmTilt,ringular,Never Owned ,alexewart
L3 The Only Legitimate LTS Bowl League,4,9,208.92,8,158.9,W,50.01999999999998,Never Owned ,alexewart,WilhelmTilt,ringular
L3 The Only Legitimate LTS Bowl League,4,10,205.22,4,185.81,W,19.409999999999997,Ridders Revenge,johnnysmomskid,My Team Sux,_casey88
L3 The Only Legitimate LTS Bowl League,5,1,167.37,6,180.09,L,12.719999999999999,39ers,tripp39,Edina Cake Eaters,ecsirkin
L3 The Only Legitimate LTS Bowl League,5,2,227.43,4,227.25,W,0.18000000000000682,The Enemy Speaks Kindly,Deredactyl,My Team Sux,_casey88
L3 The Only Legitimate LTS Bowl League,5,3,177.23,10,238.49,L,61.26000000000002,Turd Ferguson,TurdFergusonFF,Ridders Revenge,johnnysmomskid
L3 The Only Legitimate LTS Bowl League,5,4,227.25,2,227.43,L,0.18000000000000682,My Team Sux,_casey88,The Enemy Speaks Kindly,Deredactyl
L3 The Only Legitimate LTS Bowl League,5,5,112.99,9,204.85,L,91.86,The Woke FAAB,reginaldo,Never Owned ,alexewart
L3 The Only Legitimate LTS Bowl League,5,6,180.09,1,167.37,W,12.719999999999999,Edina Cake Eaters,ecsirkin,39ers,tripp39
L3 The Only Legitimate LTS Bowl League,5,7,125,8,193.71,L,68.71000000000001,Gods of War,DefLepFan4Ever,WilhelmTilt,ringular
L3 The Only Legitimate LTS Bowl League,5,8,193.71,7,125,W,68.71000000000001,WilhelmTilt,ringular,Gods of War,DefLepFan4Ever
L3 The Only Legitimate LTS Bowl League,5,9,204.85,5,112.99,W,91.86,Never Owned ,alexewart,The Woke FAAB,reginaldo
L3 The Only Legitimate LTS Bowl League,5,10,238.49,3,177.23,W,61.26000000000002,Ridders Revenge,johnnysmomskid,Turd Ferguson,TurdFergusonFF
L3 The Only Legitimate LTS Bowl League,6,1,134.91,7,173.21,L,38.30000000000001,39ers,tripp39,Gods of War,DefLepFan4Ever
L3 The Only Legitimate LTS Bowl League,6,2,185.61,9,194.13,L,8.519999999999982,The Enemy Speaks Kindly,Deredactyl,Never Owned ,alexewart
L3 The Only Legitimate LTS Bowl League,6,3,171.02,6,162.34,W,8.680000000000007,Turd Ferguson,TurdFergusonFF,Edina Cake Eaters,ecsirkin
L3 The Only Legitimate LTS Bowl League,6,4,156.63,8,160.61,L,3.980000000000018,My Team Sux,_casey88,WilhelmTilt,ringular
L3 The Only Legitimate LTS Bowl League,6,5,165.82,10,163.71,W,2.109999999999985,The Woke FAAB,reginaldo,Ridders Revenge,johnnysmomskid
L3 The Only Legitimate LTS Bowl League,6,6,162.34,3,171.02,L,8.680000000000007,Edina Cake Eaters,ecsirkin,Turd Ferguson,TurdFergusonFF
L3 The Only Legitimate LTS Bowl League,6,7,173.21,1,134.91,W,38.30000000000001,Gods of War,DefLepFan4Ever,39ers,tripp39
L3 The Only Legitimate LTS Bowl League,6,8,160.61,4,156.63,W,3.980000000000018,WilhelmTilt,ringular,My Team Sux,_casey88
L3 The Only Legitimate LTS Bowl League,6,9,194.13,2,185.61,W,8.519999999999982,Never Owned ,alexewart,The Enemy Speaks Kindly,Deredactyl
L3 The Only Legitimate LTS Bowl League,6,10,163.71,5,165.82,L,2.109999999999985,Ridders Revenge,johnnysmomskid,The Woke FAAB,reginaldo
L3 The Only Legitimate LTS Bowl League,7,1,207.89,9,204.29,W,3.5999999999999943,39ers,tripp39,Never Owned ,alexewart
L3 The Only Legitimate LTS Bowl League,7,2,204.15,5,154.44,W,49.71000000000001,The Enemy Speaks Kindly,Deredactyl,The Woke FAAB,reginaldo
L3 The Only Legitimate LTS Bowl League,7,3,179.28,7,194.65,L,15.370000000000005,Turd Ferguson,TurdFergusonFF,Gods of War,DefLepFan4Ever
L3 The Only Legitimate LTS Bowl League,7,4,132.87,6,160.53,L,27.659999999999997,My Team Sux,_casey88,Edina Cake Eaters,ecsirkin
L3 The Only Legitimate LTS Bowl League,7,5,154.44,2,204.15,L,49.71000000000001,The Woke FAAB,reginaldo,The Enemy Speaks Kindly,Deredactyl
L3 The Only Legitimate LTS Bowl League,7,6,160.53,4,132.87,W,27.659999999999997,Edina Cake Eaters,ecsirkin,My Team Sux,_casey88
L3 The Only Legitimate LTS Bowl League,7,7,194.65,3,179.28,W,15.370000000000005,Gods of War,DefLepFan4Ever,Turd Ferguson,TurdFergusonFF
L3 The Only Legitimate LTS Bowl League,7,8,173.48,10,170.5,W,2.9799999999999898,WilhelmTilt,ringular,Ridders Revenge,johnnysmomskid
L3 The Only Legitimate LTS Bowl League,7,9,204.29,1,207.89,L,3.5999999999999943,Never Owned ,alexewart,39ers,tripp39
L3 The Only Legitimate LTS Bowl League,7,10,170.5,8,173.48,L,2.9799999999999898,Ridders Revenge,johnnysmomskid,WilhelmTilt,ringular
L3 The Only Legitimate LTS Bowl League,8,1,213.32,5,203.58,W,9.73999999999998,39ers,tripp39,The Woke FAAB,reginaldo
L3 The Only Legitimate LTS Bowl League,8,2,263.99,10,162.17,W,101.82000000000002,The Enemy Speaks Kindly,Deredactyl,Ridders Revenge,johnnysmomskid
L3 The Only Legitimate LTS Bowl League,8,3,164.92,9,221.94,L,57.02000000000001,Turd Ferguson,TurdFergusonFF,Never Owned ,alexewart
L3 The Only Legitimate LTS Bowl League,8,4,151.61,7,186.23,L,34.619999999999976,My Team Sux,_casey88,Gods of War,DefLepFan4Ever
L3 The Only Legitimate LTS Bowl League,8,5,203.58,1,213.32,L,9.73999999999998,The Woke FAAB,reginaldo,39ers,tripp39
L3 The Only Legitimate LTS Bowl League,8,6,160.39,8,244,L,83.61000000000001,Edina Cake Eaters,ecsirkin,WilhelmTilt,ringular
L3 The Only Legitimate LTS Bowl League,8,7,186.23,4,151.61,W,34.619999999999976,Gods of War,DefLepFan4Ever,My Team Sux,_casey88
L3 The Only Legitimate LTS Bowl League,8,8,244,6,160.39,W,83.61000000000001,WilhelmTilt,ringular,Edina Cake Eaters,ecsirkin
L3 The Only Legitimate LTS Bowl League,8,9,221.94,3,164.92,W,57.02000000000001,Never Owned ,alexewart,Turd Ferguson,TurdFergusonFF
L3 The Only Legitimate LTS Bowl League,8,10,162.17,2,263.99,L,101.82000000000002,Ridders Revenge,johnnysmomskid,The Enemy Speaks Kindly,Deredactyl
L3 The Only Legitimate LTS Bowl League,9,1,193.65,10,158.6,W,35.05000000000001,39ers,tripp39,Ridders Revenge,johnnysmomskid
L3 The Only Legitimate LTS Bowl League,9,2,203.66,7,144.45,W,59.21000000000001,The Enemy Speaks Kindly,Deredactyl,Gods of War,DefLepFan4Ever
L3 The Only Legitimate LTS Bowl League,9,3,150.85,8,162.57,L,11.719999999999999,Turd Ferguson,TurdFergusonFF,WilhelmTilt,ringular
L3 The Only Legitimate LTS Bowl League,9,4,208.44,9,161.43,W,47.00999999999999,My Team Sux,_casey88,Never Owned ,alexewart
L3 The Only Legitimate LTS Bowl League,9,5,191.14,6,96.99,W,94.14999999999999,The Woke FAAB,reginaldo,Edina Cake Eaters,ecsirkin
L3 The Only Legitimate LTS Bowl League,9,6,96.99,5,191.14,L,94.14999999999999,Edina Cake Eaters,ecsirkin,The Woke FAAB,reginaldo
L3 The Only Legitimate LTS Bowl League,9,7,144.45,2,203.66,L,59.21000000000001,Gods of War,DefLepFan4Ever,The Enemy Speaks Kindly,Deredactyl
L3 The Only Legitimate LTS Bowl League,9,8,162.57,3,150.85,W,11.719999999999999,WilhelmTilt,ringular,Turd Ferguson,TurdFergusonFF
L3 The Only Legitimate LTS Bowl League,9,9,161.43,4,208.44,L,47.00999999999999,Never Owned ,alexewart,My Team Sux,_casey88
L3 The Only Legitimate LTS Bowl League,9,10,158.6,1,193.65,L,35.05000000000001,Ridders Revenge,johnnysmomskid,39ers,tripp39
L3 The Only Legitimate LTS Bowl League,10,1,238.43,2,194.69,W,43.74000000000001,39ers,tripp39,The Enemy Speaks Kindly,Deredactyl
L3 The Only Legitimate LTS Bowl League,10,2,194.69,1,238.43,L,43.74000000000001,The Enemy Speaks Kindly,Deredactyl,39ers,tripp39
L3 The Only Legitimate LTS Bowl League,10,3,171.23,4,180.97,L,9.740000000000009,Turd Ferguson,TurdFergusonFF,My Team Sux,_casey88
L3 The Only Legitimate LTS Bowl League,10,4,180.97,3,171.23,W,9.740000000000009,My Team Sux,_casey88,Turd Ferguson,TurdFergusonFF
L3 The Only Legitimate LTS Bowl League,10,5,210.48,8,135.79,W,74.69,The Woke FAAB,reginaldo,WilhelmTilt,ringular
L3 The Only Legitimate LTS Bowl League,10,6,175.64,10,155.76,W,19.879999999999995,Edina Cake Eaters,ecsirkin,Ridders Revenge,johnnysmomskid
L3 The Only Legitimate LTS Bowl League,10,7,184.88,9,199.87,L,14.990000000000009,Gods of War,DefLepFan4Ever,Never Owned ,alexewart
L3 The Only Legitimate LTS Bowl League,10,8,135.79,5,210.48,L,74.69,WilhelmTilt,ringular,The Woke FAAB,reginaldo
L3 The Only Legitimate LTS Bowl League,10,9,199.87,7,184.88,W,14.990000000000009,Never Owned ,alexewart,Gods of War,DefLepFan4Ever
L3 The Only Legitimate LTS Bowl League,10,10,155.76,6,175.64,L,19.879999999999995,Ridders Revenge,johnnysmomskid,Edina Cake Eaters,ecsirkin
L3 The Only Legitimate LTS Bowl League,11,1,209.33,4,125.77,W,83.56000000000002,39ers,tripp39,My Team Sux,_casey88
L3 The Only Legitimate LTS Bowl League,11,2,149.85,8,210.01,L,60.16,The Enemy Speaks Kindly,Deredactyl,WilhelmTilt,ringular
L3 The Only Legitimate LTS Bowl League,11,3,179.34,5,195.19,L,15.849999999999994,Turd Ferguson,TurdFergusonFF,The Woke FAAB,reginaldo
L3 The Only Legitimate LTS Bowl League,11,4,125.77,1,209.33,L,83.56000000000002,My Team Sux,_casey88,39ers,tripp39
L3 The Only Legitimate LTS Bowl League,11,5,195.19,3,179.34,W,15.849999999999994,The Woke FAAB,reginaldo,Turd Ferguson,TurdFergusonFF
L3 The Only Legitimate LTS Bowl League,11,6,122.58,9,199.3,L,76.72000000000001,Edina Cake Eaters,ecsirkin,Never Owned ,alexewart
L3 The Only Legitimate LTS Bowl League,11,7,150.31,10,151.45,L,1.1399999999999864,Gods of War,DefLepFan4Ever,Ridders Revenge,johnnysmomskid
L3 The Only Legitimate LTS Bowl League,11,8,210.01,2,149.85,W,60.16,WilhelmTilt,ringular,The Enemy Speaks Kindly,Deredactyl
L3 The Only Legitimate LTS Bowl League,11,9,199.3,6,122.58,W,76.72000000000001,Never Owned ,alexewart,Edina Cake Eaters,ecsirkin
L3 The Only Legitimate LTS Bowl League,11,10,151.45,7,150.31,W,1.1399999999999864,Ridders Revenge,johnnysmomskid,Gods of War,DefLepFan4Ever
L3 The Only Legitimate LTS Bowl League,12,1,213.34,8,211.75,W,1.5900000000000034,39ers,tripp39,WilhelmTilt,ringular
L3 The Only Legitimate LTS Bowl League,12,2,194.43,3,165.25,W,29.180000000000007,The Enemy Speaks Kindly,Deredactyl,Turd Ferguson,TurdFergusonFF
L3 The Only Legitimate LTS Bowl League,12,3,165.25,2,194.43,L,29.180000000000007,Turd Ferguson,TurdFergusonFF,The Enemy Speaks Kindly,Deredactyl
L3 The Only Legitimate LTS Bowl League,12,4,185.46,5,158.86,W,26.599999999999994,My Team Sux,_casey88,The Woke FAAB,reginaldo
L3 The Only Legitimate LTS Bowl League,12,5,158.86,4,185.46,L,26.599999999999994,The Woke FAAB,reginaldo,My Team Sux,_casey88
L3 The Only Legitimate LTS Bowl League,12,6,130.58,7,220.25,L,89.66999999999999,Edina Cake Eaters,ecsirkin,Gods of War,DefLepFan4Ever
L3 The Only Legitimate LTS Bowl League,12,7,220.25,6,130.58,W,89.66999999999999,Gods of War,DefLepFan4Ever,Edina Cake Eaters,ecsirkin
L3 The Only Legitimate LTS Bowl League,12,8,211.75,1,213.34,L,1.5900000000000034,WilhelmTilt,ringular,39ers,tripp39
L3 The Only Legitimate LTS Bowl League,12,9,212.96,10,196.54,W,16.420000000000016,Never Owned ,alexewart,Ridders Revenge,johnnysmomskid
L3 The Only Legitimate LTS Bowl League,12,10,196.54,9,212.96,L,16.420000000000016,Ridders Revenge,johnnysmomskid,Never Owned ,alexewart
L3 The Only Legitimate LTS Bowl League,13,1,185.22,3,250.42,L,65.19999999999999,39ers,tripp39,Turd Ferguson,TurdFergusonFF
L3 The Only Legitimate LTS Bowl League,13,2,210.01,6,135.22,W,74.78999999999999,The Enemy Speaks Kindly,Deredactyl,Edina Cake Eaters,ecsirkin
L3 The Only Legitimate LTS Bowl League,13,3,250.42,1,185.22,W,65.19999999999999,Turd Ferguson,TurdFergusonFF,39ers,tripp39
L3 The Only Legitimate LTS Bowl League,13,4,152.43,10,151.47,W,0.960000000000008,My Team Sux,_casey88,Ridders Revenge,johnnysmomskid
L3 The Only Legitimate LTS Bowl League,13,5,165.19,7,155.67,W,9.52000000000001,The Woke FAAB,reginaldo,Gods of War,DefLepFan4Ever
L3 The Only Legitimate LTS Bowl League,13,6,135.22,2,210.01,L,74.78999999999999,Edina Cake Eaters,ecsirkin,The Enemy Speaks Kindly,Deredactyl
L3 The Only Legitimate LTS Bowl League,13,7,155.67,5,165.19,L,9.52000000000001,Gods of War,DefLepFan4Ever,The Woke FAAB,reginaldo
L3 The Only Legitimate LTS Bowl League,13,8,203.63,9,194.55,W,9.079999999999984,WilhelmTilt,ringular,Never Owned ,alexewart
L3 The Only Legitimate LTS Bowl League,13,9,194.55,8,203.63,L,9.079999999999984,Never Owned ,alexewart,WilhelmTilt,ringular
L3 The Only Legitimate LTS Bowl League,13,10,151.47,4,152.43,L,0.960000000000008,Ridders Revenge,johnnysmomskid,My Team Sux,_casey88
L3 The Only Legitimate LTS Bowl League,14,1,190.32,6,166.28,W,24.039999999999992,39ers,tripp39,Edina Cake Eaters,ecsirkin
L3 The Only Legitimate LTS Bowl League,14,2,195.2,4,140.12,W,55.079999999999984,The Enemy Speaks Kindly,Deredactyl,My Team Sux,_casey88
L3 The Only Legitimate LTS Bowl League,14,3,214.5,10,188.35,W,26.150000000000006,Turd Ferguson,TurdFergusonFF,Ridders Revenge,johnnysmomskid
L3 The Only Legitimate LTS Bowl League,14,4,140.12,2,195.2,L,55.079999999999984,My Team Sux,_casey88,The Enemy Speaks Kindly,Deredactyl
L3 The Only Legitimate LTS Bowl League,14,5,208.7,9,152.4,W,56.29999999999998,The Woke FAAB,reginaldo,Never Owned ,alexewart
L3 The Only Legitimate LTS Bowl League,14,6,166.28,1,190.32,L,24.039999999999992,Edina Cake Eaters,ecsirkin,39ers,tripp39
L3 The Only Legitimate LTS Bowl League,14,7,178.05,8,200.11,L,22.060000000000002,Gods of War,DefLepFan4Ever,WilhelmTilt,ringular
L3 The Only Legitimate LTS Bowl League,14,8,200.11,7,178.05,W,22.060000000000002,WilhelmTilt,ringular,Gods of War,DefLepFan4Ever
L3 The Only Legitimate LTS Bowl League,14,9,152.4,5,208.7,L,56.29999999999998,Never Owned ,alexewart,The Woke FAAB,reginaldo
L3 The Only Legitimate LTS Bowl League,14,10,188.35,3,214.5,L,26.150000000000006,Ridders Revenge,johnnysmomskid,Turd Ferguson,TurdFergusonFF
L3 The Only Legitimate LTS Bowl League,15,1,256.53,8,182.8,W,73.72999999999996,39ers,tripp39,WilhelmTilt,ringular
L3 The Only Legitimate LTS Bowl League,15,2,189.18,9,208.27,L,19.090000000000003,The Enemy Speaks Kindly,Deredactyl,Never Owned ,alexewart
L3 The Only Legitimate LTS Bowl League,15,4,139.68,7,191.23,L,51.54999999999998,My Team Sux,_casey88,Gods of War,DefLepFan4Ever
L3 The Only Legitimate LTS Bowl League,15,6,140.99,10,165.08,L,24.090000000000003,Edina Cake Eaters,ecsirkin,Ridders Revenge,johnnysmomskid
L3 The Only Legitimate LTS Bowl League,15,7,191.23,4,139.68,W,51.54999999999998,Gods of War,DefLepFan4Ever,My Team Sux,_casey88
L3 The Only Legitimate LTS Bowl League,15,8,182.8,1,256.53,L,73.72999999999996,WilhelmTilt,ringular,39ers,tripp39
L3 The Only Legitimate LTS Bowl League,15,9,208.27,2,189.18,W,19.090000000000003,Never Owned ,alexewart,The Enemy Speaks Kindly,Deredactyl
L3 The Only Legitimate LTS Bowl League,15,10,165.08,6,140.99,W,24.090000000000003,Ridders Revenge,johnnysmomskid,Edina Cake Eaters,ecsirkin
L3 The Only Legitimate LTS Bowl League,16,1,197.45,9,200.62,L,3.170000000000016,39ers,tripp39,Never Owned ,alexewart
L3 The Only Legitimate LTS Bowl League,16,2,249.01,8,176.4,W,72.60999999999999,The Enemy Speaks Kindly,Deredactyl,WilhelmTilt,ringular
L3 The Only Legitimate LTS Bowl League,16,4,245.11,6,137.82,W,107.29000000000002,My Team Sux,_casey88,Edina Cake Eaters,ecsirkin
L3 The Only Legitimate LTS Bowl League,16,6,137.82,4,245.11,L,107.29000000000002,Edina Cake Eaters,ecsirkin,My Team Sux,_casey88
L3 The Only Legitimate LTS Bowl League,16,7,154.34,10,190.45,L,36.109999999999985,Gods of War,DefLepFan4Ever,Ridders Revenge,johnnysmomskid
L3 The Only Legitimate LTS Bowl League,16,8,176.4,2,249.01,L,72.60999999999999,WilhelmTilt,ringular,The Enemy Speaks Kindly,Deredactyl
L3 The Only Legitimate LTS Bowl League,16,9,200.62,1,197.45,W,3.170000000000016,Never Owned ,alexewart,39ers,tripp39
L3 The Only Legitimate LTS Bowl League,16,10,190.45,7,154.34,W,36.109999999999985,Ridders Revenge,johnnysmomskid,Gods of War,DefLepFan4Ever
L3 The Only Legitimate LTS Bowl League,17,1,172.24,9,221.07,L,48.829999999999984,39ers,tripp39,Never Owned ,alexewart
L3 The Only Legitimate LTS Bowl League,17,2,236.48,8,159.19,W,77.28999999999999,The Enemy Speaks Kindly,Deredactyl,WilhelmTilt,ringular
L3 The Only Legitimate LTS Bowl League,17,4,170.54,6,118.86,W,51.67999999999999,My Team Sux,_casey88,Edina Cake Eaters,ecsirkin
L3 The Only Legitimate LTS Bowl League,17,6,118.86,4,170.54,L,51.67999999999999,Edina Cake Eaters,ecsirkin,My Team Sux,_casey88
L3 The Only Legitimate LTS Bowl League,17,7,152.33,10,223.48,L,71.14999999999998,Gods of War,DefLepFan4Ever,Ridders Revenge,johnnysmomskid
L3 The Only Legitimate LTS Bowl League,17,8,159.19,2,236.48,L,77.28999999999999,WilhelmTilt,ringular,The Enemy Speaks Kindly,Deredactyl
L3 The Only Legitimate LTS Bowl League,17,9,221.07,1,172.24,W,48.829999999999984,Never Owned ,alexewart,39ers,tripp39
L3 The Only Legitimate LTS Bowl League,17,10,223.48,7,152.33,W,71.14999999999998,Ridders Revenge,johnnysmomskid,Gods of War,DefLepFan4Ever
L4 LTS League 4 (some),1,1,181.8,9,149.49,W,32.31,DavisDayCare,DavisDayCare,powersrva,powersrva
L4 LTS League 4 (some),1,2,144.8,10,164.95,L,20.149999999999977,The Glorious Process,armandoguzman,Poop on the Cob,Joker1b
L4 LTS League 4 (some),1,3,170.77,8,174.86,L,4.090000000000003,jetsgnome22,jetsgnome22,BigUglyRhino,ErikFedders
L4 LTS League 4 (some),1,4,150.87,7,200.38,L,49.50999999999999,You could do worse,pfitzsimmons85,Tennesunk Titans,austinhunt94
L4 LTS League 4 (some),1,5,167.15,6,173.09,L,5.939999999999998,Bang Bang Gang,theB1gGuy,Forrest Whitaker eye,cptbeefalo
L4 LTS League 4 (some),1,6,173.09,5,167.15,W,5.939999999999998,Forrest Whitaker eye,cptbeefalo,Bang Bang Gang,theB1gGuy
L4 LTS League 4 (some),1,7,200.38,4,150.87,W,49.50999999999999,Tennesunk Titans,austinhunt94,You could do worse,pfitzsimmons85
L4 LTS League 4 (some),1,8,174.86,3,170.77,W,4.090000000000003,BigUglyRhino,ErikFedders,jetsgnome22,jetsgnome22
L4 LTS League 4 (some),1,9,149.49,1,181.8,L,32.31,powersrva,powersrva,DavisDayCare,DavisDayCare
L4 LTS League 4 (some),1,10,164.95,2,144.8,W,20.149999999999977,Poop on the Cob,Joker1b,The Glorious Process,armandoguzman
L4 LTS League 4 (some),2,1,183.01,4,205.8,L,22.79000000000002,DavisDayCare,DavisDayCare,You could do worse,pfitzsimmons85
L4 LTS League 4 (some),2,2,245.7,6,234.57,W,11.129999999999995,The Glorious Process,armandoguzman,Forrest Whitaker eye,cptbeefalo
L4 LTS League 4 (some),2,3,201.83,7,188.06,W,13.77000000000001,jetsgnome22,jetsgnome22,Tennesunk Titans,austinhunt94
L4 LTS League 4 (some),2,4,205.8,1,183.01,W,22.79000000000002,You could do worse,pfitzsimmons85,DavisDayCare,DavisDayCare
L4 LTS League 4 (some),2,5,152.84,10,176.45,L,23.609999999999985,Bang Bang Gang,theB1gGuy,Poop on the Cob,Joker1b
L4 LTS League 4 (some),2,6,234.57,2,245.7,L,11.129999999999995,Forrest Whitaker eye,cptbeefalo,The Glorious Process,armandoguzman
L4 LTS League 4 (some),2,7,188.06,3,201.83,L,13.77000000000001,Tennesunk Titans,austinhunt94,jetsgnome22,jetsgnome22
L4 LTS League 4 (some),2,8,201.86,9,172.58,W,29.28,BigUglyRhino,ErikFedders,powersrva,powersrva
L4 LTS League 4 (some),2,9,172.58,8,201.86,L,29.28,powersrva,powersrva,BigUglyRhino,ErikFedders
L4 LTS League 4 (some),2,10,176.45,5,152.84,W,23.609999999999985,Poop on the Cob,Joker1b,Bang Bang Gang,theB1gGuy
L4 LTS League 4 (some),3,1,203.06,3,187.92,W,15.140000000000015,DavisDayCare,DavisDayCare,jetsgnome22,jetsgnome22
L4 LTS League 4 (some),3,2,180.38,5,165.51,W,14.870000000000005,The Glorious Process,armandoguzman,Bang Bang Gang,theB1gGuy
L4 LTS League 4 (some),3,3,187.92,1,203.06,L,15.140000000000015,jetsgnome22,jetsgnome22,DavisDayCare,DavisDayCare
L4 LTS League 4 (some),3,4,199.44,9,222.27,L,22.830000000000013,You could do worse,pfitzsimmons85,powersrva,powersrva
L4 LTS League 4 (some),3,5,165.51,2,180.38,L,14.870000000000005,Bang Bang Gang,theB1gGuy,The Glorious Process,armandoguzman
L4 LTS League 4 (some),3,6,271.7,10,159.28,W,112.41999999999999,Forrest Whitaker eye,cptbeefalo,Poop on the Cob,Joker1b
L4 LTS League 4 (some),3,7,173.74,8,180.25,L,6.509999999999991,Tennesunk Titans,austinhunt94,BigUglyRhino,ErikFedders
L4 LTS League 4 (some),3,8,180.25,7,173.74,W,6.509999999999991,BigUglyRhino,ErikFedders,Tennesunk Titans,austinhunt94
L4 LTS League 4 (some),3,9,222.27,4,199.44,W,22.830000000000013,powersrva,powersrva,You could do worse,pfitzsimmons85
L4 LTS League 4 (some),3,10,159.28,6,271.7,L,112.41999999999999,Poop on the Cob,Joker1b,Forrest Whitaker eye,cptbeefalo
L4 LTS League 4 (some),4,1,184.64,6,179.94,W,4.699999999999989,DavisDayCare,DavisDayCare,Forrest Whitaker eye,cptbeefalo
L4 LTS League 4 (some),4,2,196.42,4,160.39,W,36.03,The Glorious Process,armandoguzman,You could do worse,pfitzsimmons85
L4 LTS League 4 (some),4,3,192.21,9,199.95,L,7.739999999999981,jetsgnome22,jetsgnome22,powersrva,powersrva
L4 LTS League 4 (some),4,4,160.39,2,196.42,L,36.03,You could do worse,pfitzsimmons85,The Glorious Process,armandoguzman
L4 LTS League 4 (some),4,5,176.99,8,141.47,W,35.52000000000001,Bang Bang Gang,theB1gGuy,BigUglyRhino,ErikFedders
L4 LTS League 4 (some),4,6,179.94,1,184.64,L,4.699999999999989,Forrest Whitaker eye,cptbeefalo,DavisDayCare,DavisDayCare
L4 LTS League 4 (some),4,7,207.64,10,202.89,W,4.75,Tennesunk Titans,austinhunt94,Poop on the Cob,Joker1b
L4 LTS League 4 (some),4,8,141.47,5,176.99,L,35.52000000000001,BigUglyRhino,ErikFedders,Bang Bang Gang,theB1gGuy
L4 LTS League 4 (some),4,9,199.95,3,192.21,W,7.739999999999981,powersrva,powersrva,jetsgnome22,jetsgnome22
L4 LTS League 4 (some),4,10,202.89,7,207.64,L,4.75,Poop on the Cob,Joker1b,Tennesunk Titans,austinhunt94
L4 LTS League 4 (some),5,1,161.52,8,200.62,L,39.099999999999994,DavisDayCare,DavisDayCare,BigUglyRhino,ErikFedders
L4 LTS League 4 (some),5,2,211.16,7,186.77,W,24.389999999999986,The Glorious Process,armandoguzman,Tennesunk Titans,austinhunt94
L4 LTS League 4 (some),5,3,162.44,5,195.69,L,33.25,jetsgnome22,jetsgnome22,Bang Bang Gang,theB1gGuy
L4 LTS League 4 (some),5,4,148.62,10,215.59,L,66.97,You could do worse,pfitzsimmons85,Poop on the Cob,Joker1b
L4 LTS League 4 (some),5,5,195.69,3,162.44,W,33.25,Bang Bang Gang,theB1gGuy,jetsgnome22,jetsgnome22
L4 LTS League 4 (some),5,6,166.88,9,250.89,L,84.00999999999999,Forrest Whitaker eye,cptbeefalo,powersrva,powersrva
L4 LTS League 4 (some),5,7,186.77,2,211.16,L,24.389999999999986,Tennesunk Titans,austinhunt94,The Glorious Process,armandoguzman
L4 LTS League 4 (some),5,8,200.62,1,161.52,W,39.099999999999994,BigUglyRhino,ErikFedders,DavisDayCare,DavisDayCare
L4 LTS League 4 (some),5,9,250.89,6,166.88,W,84.00999999999999,powersrva,powersrva,Forrest Whitaker eye,cptbeefalo
L4 LTS League 4 (some),5,10,215.59,4,148.62,W,66.97,Poop on the Cob,Joker1b,You could do worse,pfitzsimmons85
L4 LTS League 4 (some),6,1,208.21,2,161.2,W,47.01000000000002,DavisDayCare,DavisDayCare,The Glorious Process,armandoguzman
L4 LTS League 4 (some),6,2,161.2,1,208.21,L,47.01000000000002,The Glorious Process,armandoguzman,DavisDayCare,DavisDayCare
L4 LTS League 4 (some),6,3,185.53,6,142.89,W,42.640000000000015,jetsgnome22,jetsgnome22,Forrest Whitaker eye,cptbeefalo
L4 LTS League 4 (some),6,4,149.41,8,198.9,L,49.49000000000001,You could do worse,pfitzsimmons85,BigUglyRhino,ErikFedders
L4 LTS League 4 (some),6,5,172.81,7,165.85,W,6.960000000000008,Bang Bang Gang,theB1gGuy,Tennesunk Titans,austinhunt94
L4 LTS League 4 (some),6,6,142.89,3,185.53,L,42.640000000000015,Forrest Whitaker eye,cptbeefalo,jetsgnome22,jetsgnome22
L4 LTS League 4 (some),6,7,165.85,5,172.81,L,6.960000000000008,Tennesunk Titans,austinhunt94,Bang Bang Gang,theB1gGuy
L4 LTS League 4 (some),6,8,198.9,4,149.41,W,49.49000000000001,BigUglyRhino,ErikFedders,You could do worse,pfitzsimmons85
L4 LTS League 4 (some),6,9,152.76,10,155.72,L,2.960000000000008,powersrva,powersrva,Poop on the Cob,Joker1b
L4 LTS League 4 (some),6,10,155.72,9,152.76,W,2.960000000000008,Poop on the Cob,Joker1b,powersrva,powersrva
L4 LTS League 4 (some),7,1,167.24,7,176.19,L,8.949999999999989,DavisDayCare,DavisDayCare,Tennesunk Titans,austinhunt94
L4 LTS League 4 (some),7,2,217.38,9,141.45,W,75.93,The Glorious Process,armandoguzman,powersrva,powersrva
L4 LTS League 4 (some),7,3,153.93,10,144.2,W,9.730000000000018,jetsgnome22,jetsgnome22,Poop on the Cob,Joker1b
L4 LTS League 4 (some),7,4,174.54,5,214.3,L,39.76000000000002,You could do worse,pfitzsimmons85,Bang Bang Gang,theB1gGuy
L4 LTS League 4 (some),7,5,214.3,4,174.54,W,39.76000000000002,Bang Bang Gang,theB1gGuy,You could do worse,pfitzsimmons85
L4 LTS League 4 (some),7,6,187.46,8,143.22,W,44.24000000000001,Forrest Whitaker eye,cptbeefalo,BigUglyRhino,ErikFedders
L4 LTS League 4 (some),7,7,176.19,1,167.24,W,8.949999999999989,Tennesunk Titans,austinhunt94,DavisDayCare,DavisDayCare
L4 LTS League 4 (some),7,8,143.22,6,187.46,L,44.24000000000001,BigUglyRhino,ErikFedders,Forrest Whitaker eye,cptbeefalo
L4 LTS League 4 (some),7,9,141.45,2,217.38,L,75.93,powersrva,powersrva,The Glorious Process,armandoguzman
L4 LTS League 4 (some),7,10,144.2,3,153.93,L,9.730000000000018,Poop on the Cob,Joker1b,jetsgnome22,jetsgnome22
L4 LTS League 4 (some),8,1,216.68,5,197.89,W,18.79000000000002,DavisDayCare,DavisDayCare,Bang Bang Gang,theB1gGuy
L4 LTS League 4 (some),8,2,248.62,3,155.07,W,93.55000000000001,The Glorious Process,armandoguzman,jetsgnome22,jetsgnome22
L4 LTS League 4 (some),8,3,155.07,2,248.62,L,93.55000000000001,jetsgnome22,jetsgnome22,The Glorious Process,armandoguzman
L4 LTS League 4 (some),8,4,236.31,6,185.15,W,51.16,You could do worse,pfitzsimmons85,Forrest Whitaker eye,cptbeefalo
L4 LTS League 4 (some),8,5,197.89,1,216.68,L,18.79000000000002,Bang Bang Gang,theB1gGuy,DavisDayCare,DavisDayCare
L4 LTS League 4 (some),8,6,185.15,4,236.31,L,51.16,Forrest Whitaker eye,cptbeefalo,You could do worse,pfitzsimmons85
L4 LTS League 4 (some),8,7,203.46,9,169.41,W,34.05000000000001,Tennesunk Titans,austinhunt94,powersrva,powersrva
L4 LTS League 4 (some),8,8,162.88,10,226.96,L,64.08000000000001,BigUglyRhino,ErikFedders,Poop on the Cob,Joker1b
L4 LTS League 4 (some),8,9,169.41,7,203.46,L,34.05000000000001,powersrva,powersrva,Tennesunk Titans,austinhunt94
L4 LTS League 4 (some),8,10,226.96,8,162.88,W,64.08000000000001,Poop on the Cob,Joker1b,BigUglyRhino,ErikFedders
L4 LTS League 4 (some),9,1,170.12,10,133.97,W,36.150000000000006,DavisDayCare,DavisDayCare,Poop on the Cob,Joker1b
L4 LTS League 4 (some),9,2,223.1,8,123.17,W,99.92999999999999,The Glorious Process,armandoguzman,BigUglyRhino,ErikFedders
L4 LTS League 4 (some),9,3,172.58,4,100.88,W,71.70000000000002,jetsgnome22,jetsgnome22,You could do worse,pfitzsimmons85
L4 LTS League 4 (some),9,4,100.88,3,172.58,L,71.70000000000002,You could do worse,pfitzsimmons85,jetsgnome22,jetsgnome22
L4 LTS League 4 (some),9,5,221.02,9,165.18,W,55.84,Bang Bang Gang,theB1gGuy,powersrva,powersrva
L4 LTS League 4 (some),9,6,181.57,7,134.98,W,46.59,Forrest Whitaker eye,cptbeefalo,Tennesunk Titans,austinhunt94
L4 LTS League 4 (some),9,7,134.98,6,181.57,L,46.59,Tennesunk Titans,austinhunt94,Forrest Whitaker eye,cptbeefalo
L4 LTS League 4 (some),9,8,123.17,2,223.1,L,99.92999999999999,BigUglyRhino,ErikFedders,The Glorious Process,armandoguzman
L4 LTS League 4 (some),9,9,165.18,5,221.02,L,55.84,powersrva,powersrva,Bang Bang Gang,theB1gGuy
L4 LTS League 4 (some),9,10,133.97,1,170.12,L,36.150000000000006,Poop on the Cob,Joker1b,DavisDayCare,DavisDayCare
L4 LTS League 4 (some),10,1,181.56,9,175.68,W,5.8799999999999955,DavisDayCare,DavisDayCare,powersrva,powersrva
L4 LTS League 4 (some),10,2,191.85,10,136.84,W,55.00999999999999,The Glorious Process,armandoguzman,Poop on the Cob,Joker1b
L4 LTS League 4 (some),10,3,192.31,8,151.82,W,40.49000000000001,jetsgnome22,jetsgnome22,BigUglyRhino,ErikFedders
L4 LTS League 4 (some),10,4,184.7,7,166.01,W,18.689999999999998,You could do worse,pfitzsimmons85,Tennesunk Titans,austinhunt94
L4 LTS League 4 (some),10,5,186.22,6,225.09,L,38.870000000000005,Bang Bang Gang,theB1gGuy,Forrest Whitaker eye,cptbeefalo
L4 LTS League 4 (some),10,6,225.09,5,186.22,W,38.870000000000005,Forrest Whitaker eye,cptbeefalo,Bang Bang Gang,theB1gGuy
L4 LTS League 4 (some),10,7,166.01,4,184.7,L,18.689999999999998,Tennesunk Titans,austinhunt94,You could do worse,pfitzsimmons85
L4 LTS League 4 (some),10,8,151.82,3,192.31,L,40.49000000000001,BigUglyRhino,ErikFedders,jetsgnome22,jetsgnome22
L4 LTS League 4 (some),10,9,175.68,1,181.56,L,5.8799999999999955,powersrva,powersrva,DavisDayCare,DavisDayCare
L4 LTS League 4 (some),10,10,136.84,2,191.85,L,55.00999999999999,Poop on the Cob,Joker1b,The Glorious Process,armandoguzman
L4 LTS League 4 (some),11,1,163.94,4,185.04,L,21.099999999999994,DavisDayCare,DavisDayCare,You could do worse,pfitzsimmons85
L4 LTS League 4 (some),11,2,181.35,6,193.11,L,11.76000000000002,The Glorious Process,armandoguzman,Forrest Whitaker eye,cptbeefalo
L4 LTS League 4 (some),11,3,129.32,7,214.58,L,85.26000000000002,jetsgnome22,jetsgnome22,Tennesunk Titans,austinhunt94
L4 LTS League 4 (some),11,4,185.04,1,163.94,W,21.099999999999994,You could do worse,pfitzsimmons85,DavisDayCare,DavisDayCare
L4 LTS League 4 (some),11,5,158.25,10,155.15,W,3.0999999999999943,Bang Bang Gang,theB1gGuy,Poop on the Cob,Joker1b
L4 LTS League 4 (some),11,6,193.11,2,181.35,W,11.76000000000002,Forrest Whitaker eye,cptbeefalo,The Glorious Process,armandoguzman
L4 LTS League 4 (some),11,7,214.58,3,129.32,W,85.26000000000002,Tennesunk Titans,austinhunt94,jetsgnome22,jetsgnome22
L4 LTS League 4 (some),11,8,125.66,9,148.42,L,22.75999999999999,BigUglyRhino,ErikFedders,powersrva,powersrva
L4 LTS League 4 (some),11,9,148.42,8,125.66,W,22.75999999999999,powersrva,powersrva,BigUglyRhino,ErikFedders
L4 LTS League 4 (some),11,10,155.15,5,158.25,L,3.0999999999999943,Poop on the Cob,Joker1b,Bang Bang Gang,theB1gGuy
L4 LTS League 4 (some),12,1,170.86,3,180.26,L,9.399999999999977,DavisDayCare,DavisDayCare,jetsgnome22,jetsgnome22
L4 LTS League 4 (some),12,2,194.08,5,227.2,L,33.119999999999976,The Glorious Process,armandoguzman,Bang Bang Gang,theB1gGuy
L4 LTS League 4 (some),12,3,180.26,1,170.86,W,9.399999999999977,jetsgnome22,jetsgnome22,DavisDayCare,DavisDayCare
L4 LTS League 4 (some),12,4,171.59,9,164.42,W,7.170000000000016,You could do worse,pfitzsimmons85,powersrva,powersrva
L4 LTS League 4 (some),12,5,227.2,2,194.08,W,33.119999999999976,Bang Bang Gang,theB1gGuy,The Glorious Process,armandoguzman
L4 LTS League 4 (some),12,6,197.29,10,233.57,L,36.28,Forrest Whitaker eye,cptbeefalo,Poop on the Cob,Joker1b
L4 LTS League 4 (some),12,7,185.55,8,163.34,W,22.210000000000008,Tennesunk Titans,austinhunt94,BigUglyRhino,ErikFedders
L4 LTS League 4 (some),12,8,163.34,7,185.55,L,22.210000000000008,BigUglyRhino,ErikFedders,Tennesunk Titans,austinhunt94
L4 LTS League 4 (some),12,9,164.42,4,171.59,L,7.170000000000016,powersrva,powersrva,You could do worse,pfitzsimmons85
L4 LTS League 4 (some),12,10,233.57,6,197.29,W,36.28,Poop on the Cob,Joker1b,Forrest Whitaker eye,cptbeefalo
L4 LTS League 4 (some),13,1,200.86,6,127.54,W,73.32000000000001,DavisDayCare,DavisDayCare,Forrest Whitaker eye,cptbeefalo
L4 LTS League 4 (some),13,2,144.36,4,222.15,L,77.78999999999999,The Glorious Process,armandoguzman,You could do worse,pfitzsimmons85
L4 LTS League 4 (some),13,3,165.67,9,217.72,L,52.05000000000001,jetsgnome22,jetsgnome22,powersrva,powersrva
L4 LTS League 4 (some),13,4,222.15,2,144.36,W,77.78999999999999,You could do worse,pfitzsimmons85,The Glorious Process,armandoguzman
L4 LTS League 4 (some),13,5,148.61,8,114.89,W,33.72000000000001,Bang Bang Gang,theB1gGuy,BigUglyRhino,ErikFedders
L4 LTS League 4 (some),13,6,127.54,1,200.86,L,73.32000000000001,Forrest Whitaker eye,cptbeefalo,DavisDayCare,DavisDayCare
L4 LTS League 4 (some),13,7,200.29,10,236.56,L,36.27000000000001,Tennesunk Titans,austinhunt94,Poop on the Cob,Joker1b
L4 LTS League 4 (some),13,8,114.89,5,148.61,L,33.72000000000001,BigUglyRhino,ErikFedders,Bang Bang Gang,theB1gGuy
L4 LTS League 4 (some),13,9,217.72,3,165.67,W,52.05000000000001,powersrva,powersrva,jetsgnome22,jetsgnome22
L4 LTS League 4 (some),13,10,236.56,7,200.29,W,36.27000000000001,Poop on the Cob,Joker1b,Tennesunk Titans,austinhunt94
L4 LTS League 4 (some),14,1,179.67,8,137.27,W,42.39999999999998,DavisDayCare,DavisDayCare,BigUglyRhino,ErikFedders
L4 LTS League 4 (some),14,2,236.97,7,189.58,W,47.389999999999986,The Glorious Process,armandoguzman,Tennesunk Titans,austinhunt94
L4 LTS League 4 (some),14,3,156.11,5,116.32,W,39.79000000000002,jetsgnome22,jetsgnome22,Bang Bang Gang,theB1gGuy
L4 LTS League 4 (some),14,4,199.27,10,205.16,L,5.889999999999986,You could do worse,pfitzsimmons85,Poop on the Cob,Joker1b
L4 LTS League 4 (some),14,5,116.32,3,156.11,L,39.79000000000002,Bang Bang Gang,theB1gGuy,jetsgnome22,jetsgnome22
L4 LTS League 4 (some),14,6,167.75,9,170.7,L,2.9499999999999886,Forrest Whitaker eye,cptbeefalo,powersrva,powersrva
L4 LTS League 4 (some),14,7,189.58,2,236.97,L,47.389999999999986,Tennesunk Titans,austinhunt94,The Glorious Process,armandoguzman
L4 LTS League 4 (some),14,8,137.27,1,179.67,L,42.39999999999998,BigUglyRhino,ErikFedders,DavisDayCare,DavisDayCare
L4 LTS League 4 (some),14,9,170.7,6,167.75,W,2.9499999999999886,powersrva,powersrva,Forrest Whitaker eye,cptbeefalo
L4 LTS League 4 (some),14,10,205.16,4,199.27,W,5.889999999999986,Poop on the Cob,Joker1b,You could do worse,pfitzsimmons85
L4 LTS League 4 (some),15,1,139.99,7,213.33,L,73.34,DavisDayCare,DavisDayCare,Tennesunk Titans,austinhunt94
L4 LTS League 4 (some),15,2,265.38,6,194.85,W,70.53,The Glorious Process,armandoguzman,Forrest Whitaker eye,cptbeefalo
L4 LTS League 4 (some),15,3,172.52,9,141.06,W,31.460000000000008,jetsgnome22,jetsgnome22,powersrva,powersrva
L4 LTS League 4 (some),15,4,183.45,8,162.1,W,21.349999999999994,You could do worse,pfitzsimmons85,BigUglyRhino,ErikFedders
L4 LTS League 4 (some),15,6,194.85,2,265.38,L,70.53,Forrest Whitaker eye,cptbeefalo,The Glorious Process,armandoguzman
L4 LTS League 4 (some),15,7,213.33,1,139.99,W,73.34,Tennesunk Titans,austinhunt94,DavisDayCare,DavisDayCare
L4 LTS League 4 (some),15,8,162.1,4,183.45,L,21.349999999999994,BigUglyRhino,ErikFedders,You could do worse,pfitzsimmons85
L4 LTS League 4 (some),15,9,141.06,3,172.52,L,31.460000000000008,powersrva,powersrva,jetsgnome22,jetsgnome22
L4 LTS League 4 (some),16,1,187.4,6,160.03,W,27.370000000000005,DavisDayCare,DavisDayCare,Forrest Whitaker eye,cptbeefalo
L4 LTS League 4 (some),16,2,257.22,7,195.46,W,61.76000000000002,The Glorious Process,armandoguzman,Tennesunk Titans,austinhunt94
L4 LTS League 4 (some),16,3,193.15,4,158.17,W,34.98000000000002,jetsgnome22,jetsgnome22,You could do worse,pfitzsimmons85
L4 LTS League 4 (some),16,4,158.17,3,193.15,L,34.98000000000002,You could do worse,pfitzsimmons85,jetsgnome22,jetsgnome22
L4 LTS League 4 (some),16,6,160.03,1,187.4,L,27.370000000000005,Forrest Whitaker eye,cptbeefalo,DavisDayCare,DavisDayCare
L4 LTS League 4 (some),16,7,195.46,2,257.22,L,61.76000000000002,Tennesunk Titans,austinhunt94,The Glorious Process,armandoguzman
L4 LTS League 4 (some),16,8,217.41,9,187.02,W,30.389999999999986,BigUglyRhino,ErikFedders,powersrva,powersrva
L4 LTS League 4 (some),16,9,187.02,8,217.41,L,30.389999999999986,powersrva,powersrva,BigUglyRhino,ErikFedders
L4 LTS League 4 (some),17,1,178.91,6,177.8,W,1.1099999999999852,DavisDayCare,DavisDayCare,Forrest Whitaker eye,cptbeefalo
L4 LTS League 4 (some),17,2,201.71,7,194.26,W,7.450000000000017,The Glorious Process,armandoguzman,Tennesunk Titans,austinhunt94
L4 LTS League 4 (some),17,3,206.43,4,175.55,W,30.879999999999995,jetsgnome22,jetsgnome22,You could do worse,pfitzsimmons85
L4 LTS League 4 (some),17,4,175.55,3,206.43,L,30.879999999999995,You could do worse,pfitzsimmons85,jetsgnome22,jetsgnome22
L4 LTS League 4 (some),17,6,177.8,1,178.91,L,1.1099999999999852,Forrest Whitaker eye,cptbeefalo,DavisDayCare,DavisDayCare
L4 LTS League 4 (some),17,7,194.26,2,201.71,L,7.450000000000017,Tennesunk Titans,austinhunt94,The Glorious Process,armandoguzman
L4 LTS League 4 (some),17,8,131.22,9,199.02,L,67.80000000000001,BigUglyRhino,ErikFedders,powersrva,powersrva
L4 LTS League 4 (some),17,9,199.02,8,131.22,W,67.80000000000001,powersrva,powersrva,BigUglyRhino,ErikFedders
L5 Week 3 Nick Foles,1,1,167.68,2,144.06,W,23.620000000000005,The Lib Owners,nak97,fantasyscott,fantasyscott
L5 Week 3 Nick Foles,1,2,144.06,1,167.68,L,23.620000000000005,fantasyscott,fantasyscott,The Lib Owners,nak97
L5 Week 3 Nick Foles,1,3,171.01,10,130.91,W,40.099999999999994,Sexy Skeletons ,aspires,charlessword,charlessword
L5 Week 3 Nick Foles,1,4,135.58,8,194.58,L,59,Lenny’s Retirement Party,matthewdwood82,Great Clips' Revenge,CommieEsq
L5 Week 3 Nick Foles,1,5,191.92,9,192.03,L,0.11000000000001364,Closet Poopers,coots1185,“With His Legs”,sadmalander
L5 Week 3 Nick Foles,1,6,176.72,7,196.56,L,19.840000000000003,TD Upside,csurunnerccr,Big Seltzer™,jonsey456
L5 Week 3 Nick Foles,1,7,196.56,6,176.72,W,19.840000000000003,Big Seltzer™,jonsey456,TD Upside,csurunnerccr
L5 Week 3 Nick Foles,1,8,194.58,4,135.58,W,59,Great Clips' Revenge,CommieEsq,Lenny’s Retirement Party,matthewdwood82
L5 Week 3 Nick Foles,1,9,192.03,5,191.92,W,0.11000000000001364,“With His Legs”,sadmalander,Closet Poopers,coots1185
L5 Week 3 Nick Foles,1,10,130.91,3,171.01,L,40.099999999999994,charlessword,charlessword,Sexy Skeletons ,aspires
L5 Week 3 Nick Foles,2,1,189.82,3,188.31,W,1.509999999999991,The Lib Owners,nak97,Sexy Skeletons ,aspires
L5 Week 3 Nick Foles,2,2,170.03,6,220.71,L,50.68000000000001,fantasyscott,fantasyscott,TD Upside,csurunnerccr
L5 Week 3 Nick Foles,2,3,188.31,1,189.82,L,1.509999999999991,Sexy Skeletons ,aspires,The Lib Owners,nak97
L5 Week 3 Nick Foles,2,4,195.18,9,203.89,L,8.70999999999998,Lenny’s Retirement Party,matthewdwood82,“With His Legs”,sadmalander
L5 Week 3 Nick Foles,2,5,218.99,8,173.81,W,45.18000000000001,Closet Poopers,coots1185,Great Clips' Revenge,CommieEsq
L5 Week 3 Nick Foles,2,6,220.71,2,170.03,W,50.68000000000001,TD Upside,csurunnerccr,fantasyscott,fantasyscott
L5 Week 3 Nick Foles,2,7,216.27,10,202.91,W,13.360000000000014,Big Seltzer™,jonsey456,charlessword,charlessword
L5 Week 3 Nick Foles,2,8,173.81,5,218.99,L,45.18000000000001,Great Clips' Revenge,CommieEsq,Closet Poopers,coots1185
L5 Week 3 Nick Foles,2,9,203.89,4,195.18,W,8.70999999999998,“With His Legs”,sadmalander,Lenny’s Retirement Party,matthewdwood82
L5 Week 3 Nick Foles,2,10,202.91,7,216.27,L,13.360000000000014,charlessword,charlessword,Big Seltzer™,jonsey456
L5 Week 3 Nick Foles,3,1,169.7,7,217.16,L,47.46000000000001,The Lib Owners,nak97,Big Seltzer™,jonsey456
L5 Week 3 Nick Foles,3,2,155.52,3,146.82,W,8.700000000000017,fantasyscott,fantasyscott,Sexy Skeletons ,aspires
L5 Week 3 Nick Foles,3,3,146.82,2,155.52,L,8.700000000000017,Sexy Skeletons ,aspires,fantasyscott,fantasyscott
L5 Week 3 Nick Foles,3,4,231.38,5,196.61,W,34.76999999999998,Lenny’s Retirement Party,matthewdwood82,Closet Poopers,coots1185
L5 Week 3 Nick Foles,3,5,196.61,4,231.38,L,34.76999999999998,Closet Poopers,coots1185,Lenny’s Retirement Party,matthewdwood82
L5 Week 3 Nick Foles,3,6,224.37,10,202.67,W,21.700000000000017,TD Upside,csurunnerccr,charlessword,charlessword
L5 Week 3 Nick Foles,3,7,217.16,1,169.7,W,47.46000000000001,Big Seltzer™,jonsey456,The Lib Owners,nak97
L5 Week 3 Nick Foles,3,8,179.74,9,192.69,L,12.949999999999989,Great Clips' Revenge,CommieEsq,“With His Legs”,sadmalander
L5 Week 3 Nick Foles,3,9,192.69,8,179.74,W,12.949999999999989,“With His Legs”,sadmalander,Great Clips' Revenge,CommieEsq
L5 Week 3 Nick Foles,3,10,202.67,6,224.37,L,21.700000000000017,charlessword,charlessword,TD Upside,csurunnerccr
L5 Week 3 Nick Foles,4,1,160.74,6,140.03,W,20.710000000000008,The Lib Owners,nak97,TD Upside,csurunnerccr
L5 Week 3 Nick Foles,4,2,166.25,5,238.01,L,71.75999999999999,fantasyscott,fantasyscott,Closet Poopers,coots1185
L5 Week 3 Nick Foles,4,3,196.27,8,136.4,W,59.870000000000005,Sexy Skeletons ,aspires,Great Clips' Revenge,CommieEsq
L5 Week 3 Nick Foles,4,4,236.25,10,171.75,W,64.5,Lenny’s Retirement Party,matthewdwood82,charlessword,charlessword
L5 Week 3 Nick Foles,4,5,238.01,2,166.25,W,71.75999999999999,Closet Poopers,coots1185,fantasyscott,fantasyscott
L5 Week 3 Nick Foles,4,6,140.03,1,160.74,L,20.710000000000008,TD Upside,csurunnerccr,The Lib Owners,nak97
L5 Week 3 Nick Foles,4,7,213.47,9,192.1,W,21.370000000000005,Big Seltzer™,jonsey456,“With His Legs”,sadmalander
L5 Week 3 Nick Foles,4,8,136.4,3,196.27,L,59.870000000000005,Great Clips' Revenge,CommieEsq,Sexy Skeletons ,aspires
L5 Week 3 Nick Foles,4,9,192.1,7,213.47,L,21.370000000000005,“With His Legs”,sadmalander,Big Seltzer™,jonsey456
L5 Week 3 Nick Foles,4,10,171.75,4,236.25,L,64.5,charlessword,charlessword,Lenny’s Retirement Party,matthewdwood82
L5 Week 3 Nick Foles,5,1,184.68,5,247.55,L,62.870000000000005,The Lib Owners,nak97,Closet Poopers,coots1185
L5 Week 3 Nick Foles,5,2,179.64,7,141.74,W,37.89999999999998,fantasyscott,fantasyscott,Big Seltzer™,jonsey456
L5 Week 3 Nick Foles,5,3,129.11,4,197.98,L,68.86999999999998,Sexy Skeletons ,aspires,Lenny’s Retirement Party,matthewdwood82
L5 Week 3 Nick Foles,5,4,197.98,3,129.11,W,68.86999999999998,Lenny’s Retirement Party,matthewdwood82,Sexy Skeletons ,aspires
L5 Week 3 Nick Foles,5,5,247.55,1,184.68,W,62.870000000000005,Closet Poopers,coots1185,The Lib Owners,nak97
L5 Week 3 Nick Foles,5,6,169.54,9,218.74,L,49.20000000000002,TD Upside,csurunnerccr,“With His Legs”,sadmalander
L5 Week 3 Nick Foles,5,7,141.74,2,179.64,L,37.89999999999998,Big Seltzer™,jonsey456,fantasyscott,fantasyscott
L5 Week 3 Nick Foles,5,8,189.37,10,208.59,L,19.22,Great Clips' Revenge,CommieEsq,charlessword,charlessword
L5 Week 3 Nick Foles,5,9,218.74,6,169.54,W,49.20000000000002,“With His Legs”,sadmalander,TD Upside,csurunnerccr
L5 Week 3 Nick Foles,5,10,208.59,8,189.37,W,19.22,charlessword,charlessword,Great Clips' Revenge,CommieEsq
L5 Week 3 Nick Foles,6,1,161.14,9,185.78,L,24.640000000000015,The Lib Owners,nak97,“With His Legs”,sadmalander
L5 Week 3 Nick Foles,6,2,163.98,10,168.05,L,4.070000000000022,fantasyscott,fantasyscott,charlessword,charlessword
L5 Week 3 Nick Foles,6,3,174.13,5,181.14,L,7.009999999999991,Sexy Skeletons ,aspires,Closet Poopers,coots1185
L5 Week 3 Nick Foles,6,4,172.38,7,167.77,W,4.609999999999985,Lenny’s Retirement Party,matthewdwood82,Big Seltzer™,jonsey456
L5 Week 3 Nick Foles,6,5,181.14,3,174.13,W,7.009999999999991,Closet Poopers,coots1185,Sexy Skeletons ,aspires
L5 Week 3 Nick Foles,6,6,133.49,8,176.77,L,43.28,TD Upside,csurunnerccr,Great Clips' Revenge,CommieEsq
L5 Week 3 Nick Foles,6,7,167.77,4,172.38,L,4.609999999999985,Big Seltzer™,jonsey456,Lenny’s Retirement Party,matthewdwood82
L5 Week 3 Nick Foles,6,8,176.77,6,133.49,W,43.28,Great Clips' Revenge,CommieEsq,TD Upside,csurunnerccr
L5 Week 3 Nick Foles,6,9,185.78,1,161.14,W,24.640000000000015,“With His Legs”,sadmalander,The Lib Owners,nak97
L5 Week 3 Nick Foles,6,10,168.05,2,163.98,W,4.070000000000022,charlessword,charlessword,fantasyscott,fantasyscott
L5 Week 3 Nick Foles,7,1,211.54,8,143.16,W,68.38,The Lib Owners,nak97,Great Clips' Revenge,CommieEsq
L5 Week 3 Nick Foles,7,2,174.58,9,180.46,L,5.8799999999999955,fantasyscott,fantasyscott,“With His Legs”,sadmalander
L5 Week 3 Nick Foles,7,3,175.79,7,174.56,W,1.2299999999999898,Sexy Skeletons ,aspires,Big Seltzer™,jonsey456
L5 Week 3 Nick Foles,7,4,172.16,6,142.75,W,29.409999999999997,Lenny’s Retirement Party,matthewdwood82,TD Upside,csurunnerccr
L5 Week 3 Nick Foles,7,5,221.71,10,145.08,W,76.63,Closet Poopers,coots1185,charlessword,charlessword
L5 Week 3 Nick Foles,7,6,142.75,4,172.16,L,29.409999999999997,TD Upside,csurunnerccr,Lenny’s Retirement Party,matthewdwood82
L5 Week 3 Nick Foles,7,7,174.56,3,175.79,L,1.2299999999999898,Big Seltzer™,jonsey456,Sexy Skeletons ,aspires
L5 Week 3 Nick Foles,7,8,143.16,1,211.54,L,68.38,Great Clips' Revenge,CommieEsq,The Lib Owners,nak97
L5 Week 3 Nick Foles,7,9,180.46,2,174.58,W,5.8799999999999955,“With His Legs”,sadmalander,fantasyscott,fantasyscott
L5 Week 3 Nick Foles,7,10,145.08,5,221.71,L,76.63,charlessword,charlessword,Closet Poopers,coots1185
L5 Week 3 Nick Foles,8,1,152.11,4,238.67,L,86.55999999999997,The Lib Owners,nak97,Lenny’s Retirement Party,matthewdwood82
L5 Week 3 Nick Foles,8,2,195.34,8,202.22,L,6.8799999999999955,fantasyscott,fantasyscott,Great Clips' Revenge,CommieEsq
L5 Week 3 Nick Foles,8,3,190.63,6,205.91,L,15.280000000000001,Sexy Skeletons ,aspires,TD Upside,csurunnerccr
L5 Week 3 Nick Foles,8,4,238.67,1,152.11,W,86.55999999999997,Lenny’s Retirement Party,matthewdwood82,The Lib Owners,nak97
L5 Week 3 Nick Foles,8,5,227.47,7,190.53,W,36.94,Closet Poopers,coots1185,Big Seltzer™,jonsey456
L5 Week 3 Nick Foles,8,6,205.91,3,190.63,W,15.280000000000001,TD Upside,csurunnerccr,Sexy Skeletons ,aspires
L5 Week 3 Nick Foles,8,7,190.53,5,227.47,L,36.94,Big Seltzer™,jonsey456,Closet Poopers,coots1185
L5 Week 3 Nick Foles,8,8,202.22,2,195.34,W,6.8799999999999955,Great Clips' Revenge,CommieEsq,fantasyscott,fantasyscott
L5 Week 3 Nick Foles,8,9,194,10,186.12,W,7.8799999999999955,“With His Legs”,sadmalander,charlessword,charlessword
L5 Week 3 Nick Foles,8,10,186.12,9,194,L,7.8799999999999955,charlessword,charlessword,“With His Legs”,sadmalander
L5 Week 3 Nick Foles,9,1,128.88,10,184.06,L,55.18000000000001,The Lib Owners,nak97,charlessword,charlessword
L5 Week 3 Nick Foles,9,2,157.77,4,241.51,L,83.73999999999998,fantasyscott,fantasyscott,Lenny’s Retirement Party,matthewdwood82
L5 Week 3 Nick Foles,9,3,157.97,9,151.5,W,6.469999999999999,Sexy Skeletons ,aspires,“With His Legs”,sadmalander
L5 Week 3 Nick Foles,9,4,241.51,2,157.77,W,83.73999999999998,Lenny’s Retirement Party,matthewdwood82,fantasyscott,fantasyscott
L5 Week 3 Nick Foles,9,5,190.39,6,148.11,W,42.27999999999997,Closet Poopers,coots1185,TD Upside,csurunnerccr
L5 Week 3 Nick Foles,9,6,148.11,5,190.39,L,42.27999999999997,TD Upside,csurunnerccr,Closet Poopers,coots1185
L5 Week 3 Nick Foles,9,7,124.09,8,138.85,L,14.759999999999991,Big Seltzer™,jonsey456,Great Clips' Revenge,CommieEsq
L5 Week 3 Nick Foles,9,8,138.85,7,124.09,W,14.759999999999991,Great Clips' Revenge,CommieEsq,Big Seltzer™,jonsey456
L5 Week 3 Nick Foles,9,9,151.5,3,157.97,L,6.469999999999999,“With His Legs”,sadmalander,Sexy Skeletons ,aspires
L5 Week 3 Nick Foles,9,10,184.06,1,128.88,W,55.18000000000001,charlessword,charlessword,The Lib Owners,nak97
L5 Week 3 Nick Foles,10,1,154.24,2,195.8,L,41.56,The Lib Owners,nak97,fantasyscott,fantasyscott
L5 Week 3 Nick Foles,10,2,195.8,1,154.24,W,41.56,fantasyscott,fantasyscott,The Lib Owners,nak97
L5 Week 3 Nick Foles,10,3,181.99,10,158.03,W,23.960000000000008,Sexy Skeletons ,aspires,charlessword,charlessword
L5 Week 3 Nick Foles,10,4,186.6,8,217.34,L,30.74000000000001,Lenny’s Retirement Party,matthewdwood82,Great Clips' Revenge,CommieEsq
L5 Week 3 Nick Foles,10,5,186.2,9,162.07,W,24.129999999999995,Closet Poopers,coots1185,“With His Legs”,sadmalander
L5 Week 3 Nick Foles,10,6,168.96,7,207.88,L,38.91999999999999,TD Upside,csurunnerccr,Big Seltzer™,jonsey456
L5 Week 3 Nick Foles,10,7,207.88,6,168.96,W,38.91999999999999,Big Seltzer™,jonsey456,TD Upside,csurunnerccr
L5 Week 3 Nick Foles,10,8,217.34,4,186.6,W,30.74000000000001,Great Clips' Revenge,CommieEsq,Lenny’s Retirement Party,matthewdwood82
L5 Week 3 Nick Foles,10,9,162.07,5,186.2,L,24.129999999999995,“With His Legs”,sadmalander,Closet Poopers,coots1185
L5 Week 3 Nick Foles,10,10,158.03,3,181.99,L,23.960000000000008,charlessword,charlessword,Sexy Skeletons ,aspires
L5 Week 3 Nick Foles,11,1,137.1,3,146.74,L,9.640000000000015,The Lib Owners,nak97,Sexy Skeletons ,aspires
L5 Week 3 Nick Foles,11,2,174.35,6,171.11,W,3.2399999999999807,fantasyscott,fantasyscott,TD Upside,csurunnerccr
L5 Week 3 Nick Foles,11,3,146.74,1,137.1,W,9.640000000000015,Sexy Skeletons ,aspires,The Lib Owners,nak97
L5 Week 3 Nick Foles,11,4,158.66,9,241.56,L,82.9,Lenny’s Retirement Party,matthewdwood82,“With His Legs”,sadmalander
L5 Week 3 Nick Foles,11,5,174.86,8,155.2,W,19.660000000000025,Closet Poopers,coots1185,Great Clips' Revenge,CommieEsq
L5 Week 3 Nick Foles,11,6,171.11,2,174.35,L,3.2399999999999807,TD Upside,csurunnerccr,fantasyscott,fantasyscott
L5 Week 3 Nick Foles,11,7,206.28,10,137.14,W,69.14000000000001,Big Seltzer™,jonsey456,charlessword,charlessword
L5 Week 3 Nick Foles,11,8,155.2,5,174.86,L,19.660000000000025,Great Clips' Revenge,CommieEsq,Closet Poopers,coots1185
L5 Week 3 Nick Foles,11,9,241.56,4,158.66,W,82.9,“With His Legs”,sadmalander,Lenny’s Retirement Party,matthewdwood82
L5 Week 3 Nick Foles,11,10,137.14,7,206.28,L,69.14000000000001,charlessword,charlessword,Big Seltzer™,jonsey456
L5 Week 3 Nick Foles,12,1,178.86,7,241.1,L,62.23999999999998,The Lib Owners,nak97,Big Seltzer™,jonsey456
L5 Week 3 Nick Foles,12,2,199.2,3,182.93,W,16.269999999999982,fantasyscott,fantasyscott,Sexy Skeletons ,aspires
L5 Week 3 Nick Foles,12,3,182.93,2,199.2,L,16.269999999999982,Sexy Skeletons ,aspires,fantasyscott,fantasyscott
L5 Week 3 Nick Foles,12,4,210.09,5,203.87,W,6.219999999999999,Lenny’s Retirement Party,matthewdwood82,Closet Poopers,coots1185
L5 Week 3 Nick Foles,12,5,203.87,4,210.09,L,6.219999999999999,Closet Poopers,coots1185,Lenny’s Retirement Party,matthewdwood82
L5 Week 3 Nick Foles,12,6,174.57,10,145.27,W,29.299999999999983,TD Upside,csurunnerccr,charlessword,charlessword
L5 Week 3 Nick Foles,12,7,241.1,1,178.86,W,62.23999999999998,Big Seltzer™,jonsey456,The Lib Owners,nak97
L5 Week 3 Nick Foles,12,8,158.14,9,192.73,L,34.59,Great Clips' Revenge,CommieEsq,“With His Legs”,sadmalander
L5 Week 3 Nick Foles,12,9,192.73,8,158.14,W,34.59,“With His Legs”,sadmalander,Great Clips' Revenge,CommieEsq
L5 Week 3 Nick Foles,12,10,145.27,6,174.57,L,29.299999999999983,charlessword,charlessword,TD Upside,csurunnerccr
L5 Week 3 Nick Foles,13,1,137.67,6,162.67,L,25,The Lib Owners,nak97,TD Upside,csurunnerccr
L5 Week 3 Nick Foles,13,2,182.56,5,188.76,L,6.199999999999989,fantasyscott,fantasyscott,Closet Poopers,coots1185
L5 Week 3 Nick Foles,13,3,148.18,8,165,L,16.819999999999993,Sexy Skeletons ,aspires,Great Clips' Revenge,CommieEsq
L5 Week 3 Nick Foles,13,4,230.98,10,123.35,W,107.63,Lenny’s Retirement Party,matthewdwood82,charlessword,charlessword
L5 Week 3 Nick Foles,13,5,188.76,2,182.56,W,6.199999999999989,Closet Poopers,coots1185,fantasyscott,fantasyscott
L5 Week 3 Nick Foles,13,6,162.67,1,137.67,W,25,TD Upside,csurunnerccr,The Lib Owners,nak97
L5 Week 3 Nick Foles,13,7,283.59,9,166.25,W,117.33999999999997,Big Seltzer™,jonsey456,“With His Legs”,sadmalander
L5 Week 3 Nick Foles,13,8,165,3,148.18,W,16.819999999999993,Great Clips' Revenge,CommieEsq,Sexy Skeletons ,aspires
L5 Week 3 Nick Foles,13,9,166.25,7,283.59,L,117.33999999999997,“With His Legs”,sadmalander,Big Seltzer™,jonsey456
L5 Week 3 Nick Foles,13,10,123.35,4,230.98,L,107.63,charlessword,charlessword,Lenny’s Retirement Party,matthewdwood82
L5 Week 3 Nick Foles,14,1,150.18,5,198.18,L,48,The Lib Owners,nak97,Closet Poopers,coots1185
L5 Week 3 Nick Foles,14,2,190.47,7,150.71,W,39.75999999999999,fantasyscott,fantasyscott,Big Seltzer™,jonsey456
L5 Week 3 Nick Foles,14,3,153.71,4,200.74,L,47.03,Sexy Skeletons ,aspires,Lenny’s Retirement Party,matthewdwood82
L5 Week 3 Nick Foles,14,4,200.74,3,153.71,W,47.03,Lenny’s Retirement Party,matthewdwood82,Sexy Skeletons ,aspires
L5 Week 3 Nick Foles,14,5,198.18,1,150.18,W,48,Closet Poopers,coots1185,The Lib Owners,nak97
L5 Week 3 Nick Foles,14,6,194.46,9,191.73,W,2.730000000000018,TD Upside,csurunnerccr,“With His Legs”,sadmalander
L5 Week 3 Nick Foles,14,7,150.71,2,190.47,L,39.75999999999999,Big Seltzer™,jonsey456,fantasyscott,fantasyscott
L5 Week 3 Nick Foles,14,8,156.25,10,176.24,L,19.99000000000001,Great Clips' Revenge,CommieEsq,charlessword,charlessword
L5 Week 3 Nick Foles,14,9,191.73,6,194.46,L,2.730000000000018,“With His Legs”,sadmalander,TD Upside,csurunnerccr
L5 Week 3 Nick Foles,14,10,176.24,8,156.25,W,19.99000000000001,charlessword,charlessword,Great Clips' Revenge,CommieEsq
L5 Week 3 Nick Foles,15,1,207.67,8,153.05,W,54.619999999999976,The Lib Owners,nak97,Great Clips' Revenge,CommieEsq
L5 Week 3 Nick Foles,15,3,165.45,10,143.79,W,21.659999999999997,Sexy Skeletons ,aspires,charlessword,charlessword
L5 Week 3 Nick Foles,15,4,202.89,9,142.5,W,60.389999999999986,Lenny’s Retirement Party,matthewdwood82,“With His Legs”,sadmalander
L5 Week 3 Nick Foles,15,5,182.25,7,222.76,L,40.50999999999999,Closet Poopers,coots1185,Big Seltzer™,jonsey456
L5 Week 3 Nick Foles,15,7,222.76,5,182.25,W,40.50999999999999,Big Seltzer™,jonsey456,Closet Poopers,coots1185
L5 Week 3 Nick Foles,15,8,153.05,1,207.67,L,54.619999999999976,Great Clips' Revenge,CommieEsq,The Lib Owners,nak97
L5 Week 3 Nick Foles,15,9,142.5,4,202.89,L,60.389999999999986,“With His Legs”,sadmalander,Lenny’s Retirement Party,matthewdwood82
L5 Week 3 Nick Foles,15,10,143.79,3,165.45,L,21.659999999999997,charlessword,charlessword,Sexy Skeletons ,aspires
L5 Week 3 Nick Foles,16,1,187.46,3,171.17,W,16.29000000000002,The Lib Owners,nak97,Sexy Skeletons ,aspires
L5 Week 3 Nick Foles,16,3,171.17,1,187.46,L,16.29000000000002,Sexy Skeletons ,aspires,The Lib Owners,nak97
L5 Week 3 Nick Foles,16,4,205.56,7,207.46,L,1.9000000000000057,Lenny’s Retirement Party,matthewdwood82,Big Seltzer™,jonsey456
L5 Week 3 Nick Foles,16,5,254.7,9,179.74,W,74.95999999999998,Closet Poopers,coots1185,“With His Legs”,sadmalander
L5 Week 3 Nick Foles,16,7,207.46,4,205.56,W,1.9000000000000057,Big Seltzer™,jonsey456,Lenny’s Retirement Party,matthewdwood82
L5 Week 3 Nick Foles,16,8,192.1,10,184.03,W,8.069999999999993,Great Clips' Revenge,CommieEsq,charlessword,charlessword
L5 Week 3 Nick Foles,16,9,179.74,5,254.7,L,74.95999999999998,“With His Legs”,sadmalander,Closet Poopers,coots1185
L5 Week 3 Nick Foles,16,10,184.03,8,192.1,L,8.069999999999993,charlessword,charlessword,Great Clips' Revenge,CommieEsq
L5 Week 3 Nick Foles,17,1,165.08,3,177.59,L,12.509999999999991,The Lib Owners,nak97,Sexy Skeletons ,aspires
L5 Week 3 Nick Foles,17,3,177.59,1,165.08,W,12.509999999999991,Sexy Skeletons ,aspires,The Lib Owners,nak97
L5 Week 3 Nick Foles,17,4,223.33,7,240.54,L,17.20999999999998,Lenny’s Retirement Party,matthewdwood82,Big Seltzer™,jonsey456
L5 Week 3 Nick Foles,17,5,223.15,9,178.66,W,44.49000000000001,Closet Poopers,coots1185,“With His Legs”,sadmalander
L5 Week 3 Nick Foles,17,7,240.54,4,223.33,W,17.20999999999998,Big Seltzer™,jonsey456,Lenny’s Retirement Party,matthewdwood82
L5 Week 3 Nick Foles,17,8,164.79,10,148.86,W,15.929999999999978,Great Clips' Revenge,CommieEsq,charlessword,charlessword
L5 Week 3 Nick Foles,17,9,178.66,5,223.15,L,44.49000000000001,“With His Legs”,sadmalander,Closet Poopers,coots1185
L5 Week 3 Nick Foles,17,10,148.86,8,164.79,L,15.929999999999978,charlessword,charlessword,Great Clips' Revenge,CommieEsq
